,index,Artist Name,Title of Song
0,7465,J Balvin ,Azul
1,4237,Omarion ,I'm Up
2,10472,Sylvan Esso ,Radio
3,2607,Morgan Wallen ,One Thing At A Time
4,9840,Zara Larsson ,Don't Worry Bout Me
5,1777,Hailee Steinfeld ,Capital Letters
6,9564,Taylor Swift ,willow  90's trend remix
7,8881,Disclosure ,Birthday
8,2492,Kanye West ,Wouldn't Leave
9,7297,Gunna ,life of sin
10,2347,Chris Brown ,Back To Sleep
11,10762,Brothers Osborne ,Stay A Little Longer
12,2190,Taylor Swift ,tolerate it
13,10556,The Beatles ,Ticket To Ride  Remastered
14,1780,Kanye West ,Ultralight Beam
15,10548,Eve ,Let Me Blow Ya Mind
16,6207,Lil Baby ,Social Distancing
17,1627,Ty Dolla $ign ,Saved
18,1034,MØ ,Final Song
19,7028,The Kid LAROI ,Fade Away
20,7088,The,Dream  That's My Shit
21,5537,Migos ,Big On Big
22,10457,D'Angelo ,Prayer
23,9771,Zara Larsson ,Talk About Love
24,9575,Eminem ,Venom  Remix
25,6348,Justin Timberlake ,Higher Higher
26,5738,Khalid ,Skyline
27,4259,Pusha T ,Neck & Wrist
28,1309,Bad Bunny ,Otro Atardecer
29,9820,ZAYN ,Entertainer
30,4135,Porky Slim ,Space Legend
31,5981,Tame Impala ,Tomorrow's Dust
32,8560,The Cranberries ,Linger
33,2404,Diplo ,Lonely
34,1193,Kendrick Lamar ,XXX. FEAT. U2.
35,8485,Shawn Mendes ,Song For No One
36,9692,Nicki Minaj ,Kill Da DJ
37,6780,Logic ,Upgrade
38,3890,Rauw Alejandro ,LOKERA
39,10787,Sam Smith ,Stay With Me  Darkchild Version
40,10389,Sigrid ,Don't Kill My Vibe
41,2642,Kanye West ,Jonah
42,10820,Creedence Clearwater Revival ,Have You Ever Seen The Rain
43,2695,Major Lazer ,Powerful
44,3984,DJ Snake ,Enzo
45,9705,Logic ,Perfect (Remix)
46,10224,Pentatonix ,Sleigh Ride
47,8681,6LACK ,ATL Freestyle
48,2816,Jeremih ,Pass Dat
49,7006,Marvin Divine ,Barely Legal 2021
50,1339,Miley Cyrus ,Party In The U.S.A.
51,8313,Nipsey Hussle ,Fuck Donald Trump
52,6527,Juice WRLD ,I'll Be Fine
53,8870,BTS ,Dynamite  Instrumental
54,3573,Glades ,Do Right
55,4479,Kygo ,I'll Wait
56,4735,Dreamville ,Wells Fargo
57,9709,Denzel Curry ,DIET_
58,1313,John Lennon ,Happy Xmas (War Is Over)  Remastered
59,6566,Michael Ray ,Kiss You In The Morning
60,2002,Clinton Kane ,I GUESS I'M IN LOVE
61,413,Playboi Carti ,Shoota
62,2494,Nick Jonas ,Levels
63,5911,Morgan Wallen ,Heartless  Wallen Album Mix
64,9696,BTS ,Trivia 承 : Love
65,2731,JID ,Surround Sound
66,5604,Screamin' Jay Hawkins ,I Put a Spell on You
67,5550,Gunna ,too easy (Remix)
68,7754,Lil Tecca ,IDK
69,4215,Dylan Scott ,My Girl
70,7120,Wiz Khalifa ,Ocean
71,1324,Nicki Minaj ,Bed
72,1163,Ed Sheeran ,South of the Border
73,923,ERNEST ,Flower Shops
74,9021,YoungBoy Never Broke Again ,Shadows
75,187,Young Thug ,The London
76,7532,YoungBoy Never Broke Again ,The Last Backyard...
77,3365,Disney Characters ,This Is Halloween
78,5134,Machine Gun Kelly ,lonely
79,7075,Maroon 5 ,Whiskey
80,10680,Tinashe ,Ride Of Your Life
81,3481,Yo Gotti ,Law
82,8661,Chance the Rapper ,Child of God
83,6318,Ugly God ,Stop Smoking Black & Milds
84,7492,Trippie Redd ,Everything BoZ
85,5740,KONGOS ,Come with Me Now
86,10521,Coldplay ,Clocks
87,6989,Lil Baby ,Shiest Talk
88,2713,Camila Cabello ,Easy
89,5979,Taylor Swift ,New Year’s Day
90,9039,$uicideboy$ ,Nicotine Patches
91,2202,Drake ,That’s How You Feel
92,4268,Kanye West ,Clique
93,4027,Meek Mill ,Dangerous
94,2858,Bad Bunny ,Pero Ya No
95,7376,Lil Baby ,Danger
96,1210,Vince Guaraldi Trio ,O Tannenbaum
97,9814,Rick Ross ,Outlawz
98,6952,Kehlani ,Bad News
99,8900,Lil Skies ,Through The Motions
100,7461,NAV ,Reckless Intro
101,571,Selena Gomez ,Back To You
102,8946,Trippie Redd ,I Got You (ft. Busta Rhymes)
103,5405,YG ,BULLETPROOF
104,7846,2 Chainz ,Quarantine Thick
105,4709,$uicideboy$ ,Fucking Your Culture
106,4220,Lil Mosey ,Back At It
107,4078,Drake ,Liability
108,8255,Halsey ,100 Letters
109,10773,Easton Corbin ,Baby Be My Love Song
110,3143,Taylor Swift ,closure
111,1235,Drake ,On BS
112,10760,Of Monsters and Men ,Empire
113,578,Marshmello ,One Thing Right
114,634,Calvin Harris ,Feels
115,2458,Gucci Mane ,Tone it Down
116,10537,Nick Jonas ,Under You
117,9768,Chloe x Halle ,Forgive Me
118,1251,J. Cole ,Kevin’s Heart
119,10243,LANCO ,Born to Love You
120,1754,Logic ,Flexicution
121,3350,BLACKPINK ,Lovesick Girls
122,5815,Kendrick Lamar ,Mortal Man
123,6224,Niall Horan ,Seeing Blind
124,10242,Young Thug ,Tomorrow Til Infinity
125,3855,Rod Wave ,Alone
126,10158,Lil Peep ,Better Off  Dying
127,2622,Who Is Fancy ,Boys Like You
128,1340,Dreamville ,Costa Rica
129,9509,Wale ,Angles
130,10822,My Morning Jacket ,Compound Fracture
131,3195,NF ,When I Grow Up
132,158,Drake ,Hotline Bling
133,1418,Internet Money ,His & Hers
134,400,Grouplove ,Tongue Tied
135,3976,Trey Lewis ,Dicked Down in Dallas
136,5415,"Tyler, The Creator ",Foreword
137,2616,Marshmello ,Bye Bye
138,215,Michael Bublé ,It's Beginning to Look a Lot Like Christmas
139,8546,Joshua Bassett ,Crisis
140,9813,Bring Me The Horizon ,mother tongue
141,6066,Future ,Ain't Livin Right
142,7267,Kygo ,Love Me Now
143,7535,Luke Combs ,Angels Workin' Overtime
144,10395,Iggy Azalea ,Iggy SZN
145,910,Dennis Lloyd ,Nevermind
146,6181,Bad Bunny ,Otra Noche en Miami
147,9389,6ix9ine ,GUMMO  Remix
148,3132,Madison Beer ,Hurts Like Hell
149,10144,Donyay ,Not At All
150,412,OneRepublic ,I Ain't Worried
151,6380,Bryson Tiller ,Sorrows
152,4581,Bo Burnham ,Content
153,9776,China Anne McClain ,Calling All the Monsters
154,399,DJ Snake ,Taki Taki
155,6553,The Beatles ,Here Comes The Sun  Remastered 2009
156,2857,Bea Miller ,feel something
157,1567,Blueface ,Daddy
158,2876,RealestK ,WFM
159,2859,benny blanco ,Bad Decisions
160,4287,Imagine Dragons ,Warriors
161,9787,Lil Tecca ,ABOUT YOU
162,7511,DJ Khaled ,BILLS PAID
163,6681,Itzyungbaby ,Feelins
164,4678,Demi Lovato ,Really Don't Care
165,9942,Lost Kings ,Don't Kill My High
166,2906,Metro Boomin ,Around Me
167,860,Calvin Harris ,Rollin
168,5829,Drake ,5 Am in Toronto
169,8743,J Balvin ,Rosa
170,8058,Future ,Shotgun
171,4915,Amy Grant ,White Christmas
172,1668,Labrinth ,Still Don't Know My Name
173,8857,Lil Yachty ,Riley From The Boondocks
174,6175,Future ,200
175,10544,Grouplove ,Good Morning
176,6053,Polo G ,Zooted Freestyle
177,1493,Rema ,Calm Down
178,4265,Bad Bunny ,MALDITA POBREZA
179,3058,Katy Perry ,Bon Appétit
180,9085,XXXTENTACION ,Hi Wendy!
181,10380,The Beatles ,"Hello, Goodbye  Remastered"
182,7509,Halsey ,929
183,6322,Linkin Park ,One More Light
184,4809,Chance the Rapper ,We Go High
185,6665,Drakeo the Ruler ,Talk To Me
186,1438,DJ ESCO ,Too Much Sauce
187,1750,Miley Cyrus ,Slide Away
188,6480,NAV ,Dead Shot
189,10819,Sugar Ray ,Fly
190,1,Juice WRLD ,Lucid Dreams
191,7056,Devin Dawson ,Christmas Time Is Here  Recorded at Sound Emporium Nashville
192,4957,Lizzo ,Boys
193,3709,Kygo ,Not Ok
194,6435,Alicia Keys ,In Common
195,1223,Taylor Swift ,Sweet Nothing
196,3929,Dan + Shay ,Take Me Home For Christmas
197,4066,Taylor Swift ,I Did Something Bad
198,7808,Santana ,Black Magic Woman  Single Version
199,2863,The Weeknd ,Escape From LA
200,288,Lil Nas X ,THATS WHAT I WANT
201,1286,Judy Garland ,Have Yourself A Merry Little Christmas
202,6039,Lana Del Rey ,White Dress
203,8232,Charlie Puth ,Patient
204,3418,Adele ,Woman Like Me
205,4583,Enrique Iglesias ,EL BAÑO
206,9455,Takeoff ,Infatuation
207,1338,Jeremih ,Planez
208,2200,Lil Pump ,Butterfly Doors
209,9226,Nardo Wick ,G Nikes
210,8031,G,Eazy  Intro
211,2041,Echosmith ,Bright
212,10323,Foals ,What Went Down
213,3876,The Game ,All Eyez
214,1076,One Direction ,Perfect
215,9525,6LACK ,That Far
216,7452,DJ ESCO ,Xotic
217,1096,Jack Harlow ,Way Out
218,10513,Pentatonix ,Silent Night
219,5990,Train ,Shake up Christmas
220,555,Lady Gaga ,Rain On Me
221,9864,Empire Cast ,Conqueror
222,7378,System Of A Down ,Protect The Land
223,2092,6ix9ine ,WAKA
224,5687,Adele ,Turning Tables
225,8194,Twenty One Pilots ,Not Today
226,6357,Halsey ,The Tradition
227,9210,Lana Del Rey ,Bartender
228,2718,The Weeknd ,Alone Again
229,2124,Juice WRLD ,Can't Die
230,3019,Pharrell Williams ,Just A Cloud Away
231,4236,Rex Orange County ,OPEN A WINDOW
232,6474,Meek Mill ,Offended
233,5510,Dierks Bentley ,Say You Do
234,2398,Taylor Swift ,ivy
235,2410,PARTYNEXTDOOR ,Loyal
236,4322,Lil Uzi Vert ,FOR FUN
237,4606,Beyoncé ,MOVE
238,3432,Rita Ora ,Girls
239,6600,Arctic Monkeys ,There’d Better Be A Mirrorball
240,5576,"Tyler, The Creator ",Garden Shed
241,4161,Kid Cudi ,Rockstar Knights
242,5780,Gunna ,Who You Foolin
243,10317,Taylor Swift ,I Knew You Were Trouble
244,2029,Kendrick Lamar ,DUCKWORTH.
245,3940,Sia ,Genius
246,4786,Juice WRLD ,Until The Plug Comes Back Around
247,9160,BROCKHAMPTON ,SAN MARCOS
248,1529,Ricky Montgomery ,Mr Loverman
249,1349,Bobby Shmurda ,Hot N*gga
250,10580,David Bowie ,Ashes to Ashes
251,10437,Snoop Dogg ,Peaches N Cream
252,5781,David Guetta ,Yesterday
253,8327,Mac Miller ,Break The Law
254,4631,6LACK ,East Atlanta Love Letter
255,10001,Gorillaz ,She's My Collar
256,2355,Sean Paul ,Mad Love
257,7791,Mac Miller ,Willie Dynamite
258,10458,Lana Del Rey ,Video Games  Remastered
259,5324,TOOL ,Pneuma
260,6141,Sam Smith ,One Day At A Time
261,1092,Zay Hilfigerrr ,Juju On That Beat (TZ Anthem)
262,7037,Phoebe Ryan ,Ignition / Do You... (Mashup)
263,1028,Milky Chance ,Stolen Dance
264,6880,Coldplay ,Paradise
265,6520,Roy Woods ,Instinct
266,10483,August Alsina ,Drugs
267,2219,O.T. Genasis ,CoCo
268,4939,Thomas Rhett ,Center Point Road
269,8110,2 Chainz ,Riverdale Rd
270,4211,Beyoncé ,AMERICA HAS A PROBLEM
271,5245,SZA ,Doves In The Wind
272,4453,Ed Sheeran ,Visiting Hours
273,6968,Omah Lay ,Attention
274,1792,Jhené Aiko ,B.S.
275,9192,Eslabon Armado ,LO QUE QUIERAS
276,10068,Gucci Mane ,Dickriders
277,8266,Nicki Minaj ,I Get Crazy
278,1738,Taylor Swift ,Shake It Off
279,3780,Anuel AA ,Narcos
280,1195,Shawn Mendes ,Lost In Japan
281,3348,Taylor Swift ,Soon You’ll Get Better
282,2614,6LACK ,Pretty Little Fears
283,1233,Young Thug ,Wyclef Jean
284,6370,Perry Como ,Christmas Dream
285,5304,Machine Gun Kelly ,drug dealer
286,9270,Jon Bellion ,Crop Circles
287,9939,Lil Baby ,Bruised Up
288,9895,Tom Petty ,It's Good To Be King
289,6830,Future ,When I Was Broke
290,9719,Daniel Caesar ,TOO DEEP TO TURN BACK
291,2049,Pop Smoke ,Something Special
292,3990,Panic! At The Disco ,Don't Threaten Me With A Good Time
293,9968,Plies ,Ran Off On Da Plug Twice
294,4003,Andrew Gold ,"Spooky, Scary Skeletons  Undead Tombstone Remix"
295,4932,Tory Lanez ,MiAMi
296,1585,YG ,"Big Bank feat. 2 Chainz, Big Sean, Nicki Minaj"
297,6804,Bryson Tiller ,Timeless Interlude
298,3932,Juice WRLD ,734
299,5209,Jonas Brothers ,Every Single Time
300,4796,iann dior ,Sick and Tired
301,3203,Shakira ,Monotonía
302,2001,Fergie ,L.A.LOVE (la la)
303,4420,Future ,Worst Day
304,7519,Future ,The Percocet & Stripper Joint
305,2875,A Boogie Wit da Hoodie ,King Of My City
306,10514,Ariana Grande ,Snow In California
307,4417,N.E.R.D ,Lemon  Edit
308,2552,Migos ,Call Casting
309,9144,Linkin Park ,Talking to Myself
310,8452,Logic ,OCD (ft. Dwn2earth)
311,2733,Morgan Wallen ,This Bar
312,8975,Lady Gaga ,Grigio Girls
313,2757,The Chainsmokers ,Side Effects
314,6133,Gucci Mane ,ICE
315,9050,The Lumineers ,Left For Denver
316,10100,Majid Jordan ,Gave Your Love Away
317,10660,Alabama Shakes ,Sound & Color
318,9655,Joey Bada$$ ,No Explanation
319,3939,Marvin Gaye ,Ain't No Mountain High Enough
320,8097,Katy Perry ,Never Worn White
321,2462,Drake ,Treacherous Twins
322,10263,Trey Songz ,Come Over
323,7723,Lil Wayne ,Piano Trap
324,5023,Ed Sheeran ,I Don't Want Your Money
325,443,Ellie Goulding ,Hate Me
326,7411,Tyler Farr ,A Guy Walks Into a Bar
327,1912,Maddie & Tae ,Die From A Broken Heart
328,4813,Logic ,The Jam
329,10023,Rich The Kid ,Gargoyle
330,1274,Iggy Azalea ,Fancy
331,3841,Big Sean ,So Good (& Metro Boomin)
332,9490,Nas ,The Pressure
333,10062,Louis The Child ,Big Love
334,3679,Polo G ,DND
335,7530,Russ ,Take You Back
336,10053,Cordae ,The Parables
337,10234,at Wendys ,Twitter Fingers
338,7679,Ryan Adams ,Bad Blood
339,6273,KAROL G ,CAIRO
340,5625,XXXTENTACION ,Royalty
341,2206,Thomas Rhett ,On Me
342,3135,Eminem ,Nice Guy
343,2628,Kanye West ,Use This Gospel
344,3187,JACKBOYS ,GATTI
345,21,Post Malone ,Better Now
346,6797,David Bowie ,Ziggy Stardust  2012 Remastered Version
347,3201,Taylor Swift ,We Are Never Ever Getting Back Together (Taylor's Version)
348,4024,Future ,100 Shooters
349,763,Taylor Swift ,Karma
350,7094,Meek Mill ,All Eyes On You
351,7007,Mac Miller ,"I Love Life, Thank You"
352,6772,Big Sean ,Lucky Me
353,6987,Rod Wave ,SoulFly
354,8823,Offset ,54321
355,8512,Trippie Redd ,So Stressed
356,3480,Tyga ,VACATION
357,8583,Trippie Redd ,Abandoned
358,1770,LISA ,MONEY
359,621,Childish Gambino ,Me and Your Mama
360,2743,Sia ,Audio
361,8938,ZAYN ,BLUE
362,7883,Imagine Dragons ,It's Time
363,3785,Nick Jonas ,Jealous  Remix
364,5293,Quavo ,To The Bone
365,6251,Bad Bunny ,La Romana
366,2766,The Chainsmokers ,Everybody Hates Me
367,290,Lil Uzi Vert ,Sanguine Paradise
368,1587,Kid Cudi ,Tequila Shots
369,7264,Yeat ,Outsidë
370,6289,A Boogie Wit da Hoodie ,Secrets
371,9591,The Lumineers ,REMINGTON
372,8729,No Rome ,Spinning
373,7047,The Carters ,NICE
374,4362,Kayla Nicole ,Bundles
375,7854,Key Glock ,Something Bout Me
376,4960,Juice WRLD ,Out My Way
377,1829,Summer Walker ,No Love
378,5190,Rich The Kid ,Early Morning Trappin
379,10103,6ix9ine ,MOOKY
380,411,Lil Baby ,Woah
381,5186,$ilkMoney ,My Potna Dem
382,1537,Russell Dickerson ,Yours
383,5601,BTS ,Best Of Me
384,5527,Trippie Redd ,Wicked
385,8871,Kid Trunks ,Plottin
386,7488,Pusha T ,Call My Bluff
387,8394,Brent Faiyaz ,SKIT: WAKE UP CALL
388,5844,Bad Bunny ,Caro
389,2761,Eric Church ,Record Year
390,4101,Luke Bryan ,Games
391,3415,Billie Eilish ,Billie Bossa Nova
392,2751,BTS ,DNA
393,8044,Marshmello ,Fly
394,9074,Arctic Monkeys ,Golden Trunks
395,2600,Kanye West ,Stronger
396,5312,Logic ,man i is
397,6798,John Denver ,"Take Me Home, Country Roads"
398,6777,Bad Bunny ,EN CASITA
399,9238,Clinton Kane ,GO TO HELL
400,4633,Burl Ives ,Rudolph The Red Nosed Reindeer
401,2936,Kanye West ,No Child Left Behind
402,9336,NAV ,No Ice
403,8481,Young Stoner Life ,Really Be Slime
404,3078,Kelsea Ballerini ,Peter Pan
405,10738,David Bowie ,Blue Jean  1999 Remastered Version
406,737,Drake ,Mob Ties
407,439,Lil Peep ,Falling Down  Bonus Track
408,1539,6ix9ine ,BEBE
409,786,Justin Bieber ,Yummy
410,7539,Florence + The Machine ,Hunger
411,2715,XXXTENTACION ,infinity (888)
412,7009,AJR ,Way Less Sad
413,7429,Taylor Swift ,You Belong With Me
414,10327,Robin Schulz ,OK
415,1246,Maluma ,Felices los 4
416,4294,Renée Elise Goldsberry ,The Schuyler Sisters
417,8892,Pusha T ,Hear Me Clearly
418,3694,Rob $tone ,Chill Bill REMIX
419,8943,The Weeknd ,The Morning
420,6420,AJR ,3 O'Clock Things
421,7668,Meek Mill ,Wit The Shits (W.T.S)
422,6990,Bryan Adams ,Summer Of '69
423,570,Kane Brown ,What Ifs
424,6720,Jung Kook ,Dreamers [Music from the FIFA World Cup Qatar 2022 Official Soundtrack]
425,9322,Lil Wayne ,Shoes
426,4523,The Kid LAROI ,Diva
427,3116,Big Sean ,Pull Up N Wreck (With Metro Boomin)
428,1642,Hailee Steinfeld ,Rock Bottom
429,1171,Sia ,Snowman
430,6232,Smokepurpp ,What I Please
431,6328,Taylor Swift ,So It Goes...
432,2988,Kelsea Ballerini ,I Quit Drinking
433,10661,Maroon 5 ,Unkiss Me
434,6783,Playboi Carti ,Meh
435,2194,SZA ,Used
436,1531,Kygo ,First Time
437,8288,Gryffin ,Need Your Love
438,1239,Curtis Waters ,Stunnin'
439,6559,Brett Eldredge ,Christmas Time Is Here
440,6542,TLC ,No Scrubs
441,10930,Lil Wayne ,Love Me
442,1073,Justin Bieber ,Friends
443,8692,Anderson .Paak ,The Chase
444,10139,Britney Spears ,...Baby One More Time
445,408,Luke Combs ,When It Rains It Pours
446,3016,JACKBOYS ,GANG GANG
447,10770,Michael Bublé ,Mis Deseos / Feliz Navidad (duet with Thalia)
448,3325,J. Cole ,Snow On Tha Bluff
449,7915,Gucci Mane ,Tootsies
450,1605,Nat King Cole ,Deck The Hall
451,5376,Kendrick Lamar ,untitled 04 08.14.2014.
452,3316,Adele ,All Night Parking
453,9960,King Von ,I Am What I Am
454,8184,Prxxy ,Sunset
455,2681,Robin Schulz ,Headlights
456,463,Ed Sheeran ,Photograph
457,4414,John Mayer ,I Guess I Just Feel Like
458,7464,Trippie Redd ,iPhone
459,8562,Jack Harlow ,Funny Seeing You Here
460,8325,Eslabon Armado ,LUCES ROJAS
461,7589,$uicideboy$ ,Resistance Is Useless
462,6244,Rick Ross ,Running the Streets
463,8932,Future ,Kno The Meaning
464,8460,Earl Sweatshirt ,The Mint
465,2665,Drake ,Weston Road Flows
466,10185,Nick Jonas ,Find You
467,808,Brett Young ,In Case You Didn't Know
468,8725,Chelsea Cutler ,Sad Tonight
469,4625,21 Savage ,Snitches & Rats (Interlude)
470,1393,Andy Grammer ,Fresh Eyes
471,2727,Taylor Swift ,Death By A Thousand Cuts
472,8160,Meghan Trainor ,NO EXCUSES
473,388,Bad Bunny ,Moscow Mule
474,2148,Cardi B ,Press
475,4468,Dua Lipa ,Be The One
476,1296,Juice WRLD ,Fast
477,3366,Maroon 5 ,Help Me Out
478,102,Future ,Mask Off
479,6209,Machine Gun Kelly ,5150
480,3244,Tech N9ne ,Hood Go Crazy
481,3656,XXXTENTACION ,One Minute
482,6433,Nas ,Adam and Eve
483,8822,Logic ,Flawless
484,10332,Afrojack ,Gone
485,8027,Cordae ,Have Mercy
486,1280,DJ Khaled ,STAYING ALIVE
487,10335,ZHU ,Hometown Girl
488,1047,Ashnikko ,Daisy
489,2142,J Balvin ,Qué Más Pues?
490,3715,Ariana Grande ,successful
491,10273,Stevie Nicks ,Stop Draggin' My Heart Around
492,9288,KAYTRANADA ,Intimidated
493,3373,Megan Thee Stallion ,B.I.T.C.H.
494,1017,Lauren Spencer Smith ,Fingers Crossed
495,10681,Justin Bieber ,Sorry  Latino Remix
496,4693,My Chemical Romance ,The Foundations of Decay
497,9725,Internet Money ,Really Redd
498,8640,Zach Bryan ,Quittin' Time
499,10081,Doja Cat ,Rules
500,8464,George Michael ,Father Figure  Remastered
501,9113,Ty Dolla $ign ,My Friends
502,845,Yeat ,Monëy so big
503,2595,My Chemical Romance ,Teenagers
504,2287,Metro Boomin ,Umbrella
505,4125,Childish Gambino ,IV. Sweatpants
506,2170,Chris Brown ,Don't Check On Me
507,4458,NF ,Leave Me Alone
508,7858,ZAYN ,SHE DON'T LOVE ME
509,7558,Pentatonix ,Frosty The Snowman
510,6649,A Boogie Wit da Hoodie ,Come Closer
511,3130,Adele ,Cry Your Heart Out
512,1015,Charlie Puth ,Left and Right (Feat. Jung Kook of BTS)
513,6666,Future ,Real Sisters
514,5199,The Kid LAROI ,SAME ENERGY
515,4604,Pentatonix ,Amazing Grace (My Chains Are Gone)
516,2537,Travis Scott ,ASTROTHUNDER
517,8477,Baby Keem ,scars
518,3730,Juice WRLD ,Juice WRLD Speaks From Heaven  Outro
519,5542,Meek Mill ,Oodles O' Noodles Babies
520,1558,Eminem ,Killshot
521,877,Fifth Harmony ,Worth It
522,2147,Kevin Gates ,Thinking with My Dick
523,4490,BTS ,Jamais Vu
524,4213,Future ,Astronauts
525,2615,The Weeknd ,Scared To Live
526,5480,Kendrick Lamar ,untitled 06 06.30.2014.
527,4927,Future ,Red Bentley
528,2635,Eric Bellinger ,Valet
529,5439,DJ Khaled ,LET'S PRAY
530,9133,YoungBoy Never Broke Again ,Okay
531,3957,Roddy Ricch ,thailand
532,1756,Dr. Dre ,Still D.R.E.
533,706,J. Cole ,m y . l i f e
534,2688,Big Shaq ,Man's Not Hot
535,10213,Lil Yachty ,DN Freestyle
536,5596,The Chainsmokers ,Push My Luck
537,5581,2 Chainz ,High Top Versace
538,501,Lil Baby ,We Paid
539,1406,Taylor Swift ,"Would've, Could've, Should've"
540,6124,Robin Thicke ,Back Together
541,4936,Labrinth ,Jealous
542,9188,Straight No Chaser ,Text Me Merry Christmas
543,5380,Post Malone ,Cooped Up / Return Of The Mack
544,9419,Thomas Rhett ,Growing Up
545,1856,Luke Combs ,One Number Away
546,5942,NF ,My Stress
547,8904,Marshmello ,Crusade
548,5280,24kGoldn ,Prada
549,7710,Kenny Chesney ,Happy Does
550,2877,Nicki Minaj ,Barbie Tingz
551,7897,Nicki Minaj ,Four Door Aventador
552,3566,Lorde ,Homemade Dynamite  REMIX
553,3358,Thomas Rhett ,Beer Can’t Fix
554,4608,XXXTENTACION ,vice city
555,4144,Phillipa Soo ,Helpless
556,2882,A Great Big World ,Say Something
557,3707,Justin Bieber ,Loved By You
558,7455,Katie Gregson,MacLeod  complex (demo)
559,5202,Dierks Bentley ,Drunk On A Plane
560,1813,Lil Uzi Vert ,Silly Watch
561,538,Bad Bunny ,Party
562,3467,Grey ,I Miss You
563,8731,Rod Wave ,Fuck The World
564,2262,NLE Choppa ,Jumpin
565,6907,Lil Pump ,Illuminati
566,3438,KIDS SEE GHOSTS ,Fire
567,7982,DJ Khaled ,Major Bag Alert
568,8395,John Prine ,In Spite of Ourselves
569,4244,Headie One ,Only You Freestyle
570,10783,50 Cent ,Get Low
571,10647,Brett Young ,Sleep Without You
572,7635,Fetty Wap ,D.A.M.
573,5513,21 Savage ,Baby Girl
574,9740,Rick Ross ,Bogus Charms
575,8544,Ryan Adams ,Out of the Woods
576,1991,Drake ,Summer Games
577,2357,Chris Lane ,Take Back Home Girl (Feat. Tori Kelly)
578,8457,Cashmere Cat ,Adore
579,9177,Halsey ,1121
580,3021,Kendrick Lamar ,Mr. Morale
581,47,Childish Gambino ,Redbone
582,4831,Justin Bieber ,Confirmation
583,10507,Gucci Mane ,Richest N**** In The Room
584,8798,Kehlani ,Undercover
585,2560,SZA ,Open Arms
586,2895,21 Savage ,My Choppa Hate Niggas
587,10375,Wham! ,Wake Me up Before You GoGo
588,6466,NF ,Only
589,3288,Kanye West ,Jesus Lord
590,8217,Young Stoner Life ,Warrior
591,1156,Roddy Ricch ,Late At Night
592,6592,Theophilus London ,Can't Stop
593,4987,Future ,You Da Baddest
594,2950,Russ ,Civil War
595,6993,P!nk ,Hurts 2B Human
596,3668,Eric Church ,Talladega
597,9421,blink,182  Darkside
598,9663,Coldplay ,Birds
599,10172,Lady Gaga ,Telephone
600,6315,Bruno Mars ,Perm
601,4154,Drake ,Tie That Binds
602,5785,Surfaces ,Wave of You
603,2926,Eminem ,Good Guy
604,4896,OneRepublic ,Love Runs Out
605,3690,Armin van Buuren ,Another You
606,743,Rauw Alejandro ,Todo De Ti
607,8568,John Legend ,"U Move, I Move"
608,9033,220 KID ,Stupid Feelings
609,10551,Beck ,Loser
610,6514,BLACKPINK ,The Happiest Girl
611,2240,Chase Rice ,Eyes On You
612,1010,The Weeknd ,Take My Breath
613,2523,YUNGBLUD ,11 Minutes
614,2213,Old Dominion ,Snapback
615,7605,Big Sean ,Don Life
616,6840,Fireboy DML ,Peru
617,5447,Tory Lanez ,Pieces
618,10182,Thomas Rhett ,Drink A Little Beer
619,237,21 Savage ,X
620,5872,Kacey Musgraves ,cherry blossom
621,8603,Logic ,Therapy Music
622,10693,Big Grams ,Goldmine Junkie
623,7214,Bastille ,Good Grief
624,10321,Yellow Claw ,Good Day
625,8698,Big Sean ,Full Circle
626,8011,Fetty Wap ,How We Do Things
627,5665,Fifth Harmony ,He Like That
628,4276,Kanye West ,Ye vs. the People (starring TI as the People)
629,5048,Justin Timberlake ,Mirrors
630,6765,Enrique Iglesias ,SUBEME LA RADIO
631,7879,Rick Ross ,I Think She Like Me
632,79,Cardi B ,WAP
633,757,The Weeknd ,Stargirl Interlude
634,1238,Kanye West ,Follow God
635,7717,Young Thug ,Scoliosis
636,2217,TV Girl ,Lovers Rock
637,3165,Taylor Swift ,Run
638,3716,Drake ,Not You Too
639,8666,System Of A Down ,Genocidal Humanoidz
640,3108,Eminem ,The Monster
641,3485,"Tyler, The Creator ",OKRA
642,7786,Lainey Wilson ,Heart Like A Truck
643,4329,Logic ,Icy
644,10007,Peter J. Wilhousky ,Carol of the Bells  Voice
645,1458,Camila Cabello ,Crying in the Club
646,7024,Drake ,Free Spirit
647,5425,Joyner Lucas ,Dreams Unfold
648,5873,Thomas Rhett ,Country Again
649,7719,Russ ,SMALL TALK
650,6412,$uicideboy$ ,"No Matter Which Direction I'm Going In, I Never Chase These Hoes"
651,10186,Troye Sivan ,for him.
652,6352,John Mayer ,Changing
653,6854,Quavo ,SHINE
654,9953,Muse ,Thought Contagion
655,231,Chance the Rapper ,No Problem
656,7845,Troye Sivan ,Bloom
657,1222,James Arthur ,Train Wreck
658,1874,Sech ,Otro Trago
659,9770,Incubus ,Drive
660,10578,AlunaGeorge ,I Remember
661,10927,John Mayer ,Who You Love
662,9061,Florence + The Machine ,King
663,1422,Nicki Minaj ,Anaconda
664,4713,James Blake ,Mile High
665,2150,Kodak Black ,MoshPit
666,10386,Imagine Dragons ,Dream
667,2629,One Direction ,Infinity
668,5207,Lil Uzi Vert ,Malfunction
669,4252,Bankrol Hayden ,Costa Rica
670,1099,Lil Baby ,Life Goes On
671,3750,Shawn Mendes ,Lost In Japan  Remix
672,10167,Joey Bada$$ ,Y U DON'T LOVE ME? (MISS AMERIKKKA)
673,889,Meghan Trainor ,Like I'm Gonna Lose You
674,10145,Lil Uzi Vert ,GLOCK IN MY PURSE
675,3567,Lil Baby ,Voice of the Heroes
676,1180,Offset ,Red Room
677,5865,Lil Yachty ,OOPS
678,6075,George Ezra ,"White Christmas  Spotify Singles  Holiday, Recorded at Air Studios, London"
679,6587,Fuerza Regida ,Bebe Dame
680,10067,TOMORROW X TOGETHER ,AntiRomantic
681,4627,Playboi Carti ,M3tamorphosis
682,7876,Meek Mill ,Hot
683,9260,Gunna ,STREET SWEEPER
684,1005,X Ambassadors ,Renegades
685,5354,blackbear ,u love u
686,5592,Shawn Mendes ,Fallin' All In You
687,5461,Kings of Leon ,Waste A Moment
688,4114,"Tyler, The Creator ",RISE!
689,2203,Mac Miller ,Blue World
690,6903,Run The Jewels ,goonies vs. E.T.
691,2850,Yung Lean ,Ginseng Strip 2002
692,5063,Khalid ,Last Call
693,8400,Kings of Leon ,WALLS
694,789,Future ,Selfish
695,2519,ScHoolboy Q ,CHopstix
696,8534,David Bowie ,Queen Bitch  1999 Remastered Version
697,6984,Future ,Groupies
698,3808,Jason Derulo ,If I'm Lucky
699,5103,Ty Dolla $ign ,Expensive
700,125,Chris Brown ,No Guidance
701,6639,Luke Combs ,"Going, Going, Gone"
702,9151,Dominic Fike ,Vampire
703,10369,Alan Walker ,Alone
704,4574,Kehlani ,Can I
705,3043,Capital Cities ,Safe And Sound
706,8567,Chris Brown ,Possessive
707,8386,A$AP Ferg ,World Is Mine
708,9329,21 Savage ,out for the night  part 2
709,6305,Lady Gaga ,Diamond Heart
710,626,Lauv ,i'm so tired...
711,4331,Carpenters ,Merry Christmas Darling  Album Version/Remix
712,1373,Tyga ,SWISH
713,143,Shawn Mendes ,Señorita
714,645,Selena Gomez ,Hands To Myself
715,4260,KAROL G ,EL MAKINON
716,8415,Bryson Tiller ,Rambo (Last Blood)
717,8223,Baby Keem ,highway 95
718,3106,Pop Smoke ,AP  Music from the film Boogie
719,1314,Kendrick Lamar ,PRIDE.
720,10536,Carly Rae Jepsen ,Last Christmas
721,6597,Ariana Grande ,Sometimes
722,3654,Justin Bieber ,Home To Mama
723,8577,Kelly Clarkson ,Love So Soft
724,5779,Belly ,What You Want
725,464,A$AP Rocky ,Praise The Lord (Da Shine)
726,10716,Naughty Boy ,Runnin' (Lose It All)
727,3042,Jess Glynne ,Hold My Hand
728,4499,Mac Miller ,Donald Trump
729,9675,Kygo ,Lost Without You
730,5450,Selena Gomez ,Ring
731,1423,Lil Yachty ,Oprah’s Bank Account (Lil Yachty & DaBaby feat. Drake)
732,7098,Gunna ,ROCKSTAR BIKERS & CHAINS
733,3718,Nipsey Hussle ,Dedication
734,493,Ali Gatie ,It's You
735,1698,Lewis Capaldi ,Bruises
736,4170,Sam Smith ,Fire On Fire
737,1087,Offset ,Clout
738,7651,NAV ,Playa
739,7343,Young Thug ,Stupid/Asking
740,10534,*NSYNC ,It's Gonna Be Me
741,1465,George Ezra ,Budapest
742,5181,PSY ,That That (prod. & feat. SUGA of BTS)
743,3762,Galantis ,Peanut Butter Jelly
744,9804,BRONSON ,HEART ATTACK
745,4167,Tom Petty ,Free Fallin'
746,8695,j,hope  Pandora's Box
747,5100,2 Chainz ,OG Kush Diet
748,1122,Lil Nas X ,Panini  DaBaby Remix
749,9502,Cordae ,Bad Idea
750,3183,Adele ,Love In The Dark
751,61,Ariana Grande ,"thank u, next"
752,8609,Summer Walker ,4th Baby Mama  Prelude
753,9250,Lil Wayne ,6 Foot 7 Foot
754,10082,Foo Fighters ,Run
755,2020,Avicii ,Without You
756,5335,Tory Lanez ,Forever
757,6613,J Balvin ,ODIO
758,4071,Michael Jackson ,Thriller  2003 Edit
759,2837,Justin Bieber ,What Do You Mean?  Acoustic
760,7970,Blackstreet ,No Diggity
761,7890,Wiz Khalifa ,Gin and Drugs
762,9079,Young Thug ,Best Friends
763,2487,Huncho Jack ,Dubai Shit
764,4223,Future ,GOLD STACKS
765,3024,Carly Pearce ,I Hope You’re Happy Now
766,8994,The Lumineers ,ROLLERCOASTER
767,5234,Metro Boomin ,Only 1 (Interlude)
768,6253,Tyga ,Goddamn
769,6476,Taylor Swift ,Love Story
770,10039,Louis The Child ,So What
771,3555,Troye Sivan ,Dance To This
772,554,Young Thug ,Hot
773,7884,Fiona Apple ,Under The Table
774,409,Flume ,Never Be Like You
775,10529,Frank Ocean ,Skyline To
776,4292,Kid Cudi ,Sept. 16
777,8047,Miranda Lambert ,Vice
778,5671,Nicky Jam ,El Amante
779,4434,$uicideboy$ ,Genesis
780,5059,Anuel AA ,Keii
781,9493,NF ,Options
782,520,Taylor Swift ,All Too Well (10 Minute Version) (Taylor's Version) (From The Vault)
783,9825,ODESZA ,Loyal
784,1482,Mark Ronson ,Nothing Breaks Like a Heart
785,3246,Young Stoner Life ,Diamonds Dancing
786,9999,6LACK ,Elephant In The Room
787,4054,Lauv ,Drugs & The Internet
788,5123,Meek Mill ,Dreams and Nightmares
789,6552,Don Toliver ,XSCAPE
790,9462,Playboi Carti ,R.I.P. Fredo
791,5404,Stormzy ,Own It
792,1786,Travis Scott ,FRANCHISE
793,8548,Lorde ,Leader of a New Regime
794,273,Kali Uchis ,telepatía
795,7657,Juice WRLD ,I'm Still
796,6159,DJ Khaled ,SORRY NOT SORRY
797,6713,Lil Durk ,The Voice
798,1415,Marshmello ,Numb
799,5710,Mumford & Sons ,Wilder Mind
800,9212,Linkin Park ,Points Of Authority
801,6767,Lil Baby ,Lying
802,9824,$uicideboy$ ,Meet Mr. NICEGUY
803,1189,Panic! At The Disco ,"Hey Look Ma, I Made It"
804,9858,NAV ,My Space
805,7616,Steve Lacy ,Give You the World
806,7860,Fall Out Boy ,Church
807,8159,$uicideboy$ ,Center Core Never More
808,9225,Major Lazer ,Hell and High Water
809,3383,Tyga ,Girls Have Fun
810,1473,Tory Lanez ,Freaky
811,267,"Tyler, The Creator ",See You Again
812,9123,NF ,Time  Extended
813,8108,Nicki Minaj ,Best I Ever Had Remix
814,5464,Lil Peep ,Awful Things
815,8547,Dua Lipa ,Fever
816,7802,Isaiah Rashad ,Hey Mista
817,2682,YoungBoy Never Broke Again ,Hot Now
818,8081,Jon Bellion ,Conversations with my Wife
819,6607,Quavo ,CHAMPAGNE ROSÉ
820,4044,Pop Smoke ,Enjoy Yourself
821,3047,PnB Rock ,MIDDLE CHILD
822,5294,Brent Faiyaz ,GHETTO GATSBY (FEAT. ALICIA KEYS)
823,590,Alessia Cara ,Here
824,8197,Anne,Marie  Our Song
825,10504,Mumford & Sons ,Wona
826,7850,Thomas Rhett ,Grave
827,10786,Bea Miller ,Fire N Gold
828,9793,The 1975 ,Guys
829,2459,Liam Payne ,Familiar
830,3759,Pop Smoke ,44 BullDog
831,7198,Nirvana ,Smells Like Teen Spirit  Remastered 2021
832,1110,The Neighbourhood ,Softcore
833,10326,Ryan Adams ,How You Get The Girl
834,8376,The Weeknd ,Nothing Is Lost (You Give Me Strength)
835,1304,Lil Durk ,3 Headed Goat
836,2010,Juice WRLD ,Wandered To LA
837,1006,Bad Bunny ,Yo Perreo Sola
838,10115,Tory Lanez ,I Sip
839,3220,Cash Cash ,All My Love
840,8502,Lil Yachty ,Gimmie My Respect  Intro
841,5696,Lil Baby ,Up The Side
842,6824,Eminem ,Alfred’s Theme
843,6516,David Bowie ,Life On Mars?  1999 Remastered Version
844,488,Post Malone ,Ball For Me
845,5551,21 Savage ,Thug Life
846,9168,Mitchell Tenpenny ,We Got History
847,7176,The 1975 ,If You’re Too Shy (Let Me Know)  Edit
848,8367,Gucci Mane ,Out Do Ya
849,1639,VÉRITÉ ,Somebody Else
850,7049,The Weeknd ,Starboy  Kygo Remix
851,7325,dvsn ,I Believed It
852,5915,Miley Cyrus ,WTF Do I Know
853,3710,Southside ,Hold That Heat
854,1333,Juice WRLD ,Blood On My Jeans
855,6011,Colbie Caillat ,Try
856,7273,Alicia Keys ,So Done
857,6693,A Boogie Wit da Hoodie ,Vroom Vroom
858,8625,Shawn Mendes ,Look Up At The Stars
859,8878,Denzel Curry ,ZUU
860,8880,Logic ,The Incredible True Story
861,1896,Machine Gun Kelly ,I Think I'm OKAY
862,7107,Luke Combs ,On the Other Line
863,3421,Machine Gun Kelly ,make up sex
864,3114,Mac Miller ,Hand Me Downs
865,7322,Wiz Khalifa ,Blue Hunnids
866,10668,Gryffin ,Heading Home
867,778,Trippie Redd ,Topanga
868,9025,Migos ,Time For Me
869,3569,Marshmello ,Rescue Me
870,6598,Sabrina Carpenter ,because i liked a boy
871,9667,Earl Sweatshirt ,Sick!
872,6935,Cash Cash ,Devil
873,10754,Little Mix ,Love Me Like You
874,3392,Russ ,HANDSOMER
875,1378,Meghan Trainor ,Made You Look
876,7531,A$AP Mob ,Please Shut Up
877,6596,Miike Snow ,Genghis Khan
878,5566,Gucci Mane ,Dance with the Devil
879,10921,VIC MENSA ,Down On My Luck
880,10812,The Beatles ,Penny Lane  Remastered
881,4191,One Direction ,I Want to Write You a Song
882,8147,Young Thug ,Family Don't Matter
883,5434,Post Malone ,Up There
884,1799,Daddy Yankee ,Dura
885,1057,Billie Eilish ,my strange addiction
886,9846,5 Seconds of Summer ,Not In The Same Way
887,2008,The Weeknd ,Secrets
888,3863,Lil Uzi Vert ,No Sleep Leak
889,5922,Rauw Alejandro ,PUNTO 40
890,2815,The Weeknd ,Ordinary Life
891,8033,Earl Sweatshirt ,Shattered Dreams
892,9324,NF ,No Excuses
893,44,DaBaby ,ROCKSTAR
894,9161,Bastille ,Joy
895,458,Justin Bieber ,Holy
896,6762,Taylor Swift ,it’s time to go  bonus track
897,165,Conan Gray ,Heather
898,3832,Ed Sheeran ,The Joker And The Queen
899,714,Darlene Love ,Christmas (Baby Please Come Home)
900,1953,BLACKPINK ,Kill This Love
901,2333,NAV ,Price On My Head
902,3621,Lil Nas X ,TALES OF DOMINICA
903,7542,Gunna ,FAR
904,5619,Cole Swindell ,Flatliner
905,3351,Ab,Soul  Bloody Waters
906,9477,Bebe Rexha ,Sacrifice
907,1677,BLACKPINK ,Ice Cream
908,206,Jack Harlow ,First Class
909,5949,Beyoncé ,Sorry  Original Demo
910,3543,Morgan Wallen ,Outlaw
911,4944,Lil Yachty ,Split/Whole Time
912,3472,Taylor Swift ,Holy Ground (Taylor's Version)
913,9290,Ty Dolla $ign ,Temptations
914,5648,Megan Thee Stallion ,Budget
915,2925,Rae Sremmurd ,No Flex Zone
916,8330,NAV ,Ralo
917,4724,Future ,WE JUS WANNA GET HIGH
918,9019,5 Seconds of Summer ,2011
919,3904,Justin Bieber ,Somebody
920,2486,Rod Wave ,Tombstone
921,1498,Sam Hunt ,Break Up In A Small Town
922,7275,Twenty One Pilots ,We Don't Believe What's on TV
923,1186,Camila Cabello ,Liar
924,6973,Mac Miller ,Conversation Pt. 1
925,10502,Wiz Khalifa ,Go Hard or Go Home
926,1521,Khalid ,Outta My Head
927,3963,Big Sean ,All Your Fault
928,10912,Run The Jewels ,Close Your Eyes (And Count to Fuck)
929,7513,Gang Starr ,Family and Loyalty
930,3638,NF ,LOST
931,6667,Mumford & Sons ,BroadShouldered Beasts
932,2356,Isaiah Firebrace ,It's Gotta Be You
933,949,Megan Thee Stallion ,Sweetest Pie
934,4894,Mumford & Sons ,The Wolf
935,5654,"Bobby ""Boris"" Pickett ",Monster Mash
936,2835,Swae Lee ,Won't Be Late
937,5993,Taylor Swift ,King Of My Heart
938,5285,NF ,PAID MY DUES
939,2069,Kendrick Lamar ,BLOOD.
940,1836,Adele ,Someone Like You
941,7430,Trippie Redd ,M's
942,10385,Soulja Boy ,Crank That (Soulja Boy)
943,7169,G,Eazy  Legend
944,3811,Kid Cudi ,Sad People
945,1089,Nelly ,Lil Bit
946,5613,Big Sean ,Who's Stopping Me (& Metro Boomin)
947,1204,Kygo ,Higher Love
948,2667,Gunna ,SKYBOX
949,2444,siouxxie sixxsta ,masquerade
950,9670,Lana Del Rey ,Yosemite
951,952,DaBaby ,Baby Sitter
952,8320,Ski Mask The Slump God ,Intro
953,10052,Huddy ,All the Things I Hate About You
954,3412,ScHoolboy Q ,THat Part  Black Hippy Remix
955,3544,Ed Sheeran ,Merry Christmas
956,4530,ZAYN ,sHe
957,9866,Ellie Goulding ,Power
958,513,Halsey ,Bad At Love
959,649,The Chainsmokers ,This Feeling
960,4584,Halsey ,Finally // beautiful stranger
961,7106,Sueco ,Loser
962,9899,Slipknot ,The Dying Song (Time To Sing)
963,342,gnash ,"i hate u, i love u"
964,10879,Dillon Francis ,Love in the Middle of a Firefight
965,2685,Benson Boone ,GHOST TOWN
966,3802,One Direction ,A.M.
967,50,Khalid ,Young Dumb & Broke
968,5077,Frank Sinatra ,Santa Claus Is Comin' to Town
969,2191,NOTD ,I Wanna Know
970,7413,Offset ,On Fleek
971,8763,Coldplay ,Hypnotised
972,2018,ElyOtto ,SugarCrash!
973,4207,XXXTENTACION ,love yourself (interlude)
974,3596,$uicideboy$ ,Matte Black
975,1985,Juice WRLD ,Burn
976,9094,Christina Aguilera ,Accelerate
977,10354,A R I Z O N A ,Cross My Mind Pt. 2
978,5733,Dreamville ,1993
979,3629,Flo Rida ,Dirty Mind
980,10108,Coldplay ,Fun
981,329,Doja Cat ,You Right
982,10412,iLoveMemphis ,Hit the Quan  Throw the Flag Version
983,2321,Ava Max ,My Head & My Heart
984,4881,Selena Gomez ,Dance Again
985,8650,Eslabon Armado ,LA PERRIE
986,7708,Kodak Black ,Day for Day
987,7443,Lil Wayne ,Surf Swag
988,4175,21 Savage ,Famous
989,7240,Koe Wetzel ,Cabo
990,9646,Aminé ,Can’t Decide
991,3910,H.E.R. ,Come Through
992,9592,The Black Keys ,Go
993,10328,John Mayer ,Still Feel Like Your Man
994,2379,Morgan Wallen ,Dangerous
995,60,Bebe Rexha ,Meant to Be
996,2812,Lil Uzi Vert ,You Better Move
997,5442,Trey Songz ,Na Na
998,1276,6ix9ine ,TATI
999,4381,Halsey ,Still Learning
1000,7493,Paramore ,Forgiveness
1001,3987,Steve Lacy ,Mercury
1002,1577,J. Cole ,i n t e r l u d e
1003,2849,The Weeknd ,Save Your Tears (Remix)
1004,9205,Chance the Rapper ,4 Quarters In The Black (Skit)
1005,3909,Sam Smith ,Burning
1006,9480,Rod Wave ,Time Kills (Love Birds)
1007,1915,Wiz Khalifa ,Fr Fr
1008,5739,Young M.A ,BIG
1009,3640,Chris Young ,I'm Comin' Over
1010,2699,Taylor Swift ,dorothea
1011,6872,Lil Baby ,Seals Pills (Lil Baby & Gunna)
1012,2259,Aaron Carter ,Sooner Or Later
1013,6921,Logic ,Run It
1014,4664,Big Red Machine ,Renegade
1015,8983,H.E.R. ,Damage
1016,604,Zara Larsson ,Lush Life
1017,1131,girl in red ,we fell in love in october
1018,4156,DeJ Loaf ,Try Me
1019,10352,Redbone ,Come and Get Your Love  Single Edit
1020,2573,Twenty One Pilots ,Shy Away
1021,317,Juice WRLD ,Righteous
1022,9043,Logic ,Intro
1023,5075,Nick Jonas ,Bom Bidi Bom
1024,8043,Drake ,Marvins Room
1025,7607,Lauv ,Changes
1026,348,Yot Club ,YKWIM?
1027,10041,NAV ,Nasty
1028,7247,Miley Cyrus ,When I Look At You
1029,982,Tory Lanez ,Say It
1030,9852,iann dior ,Darkside
1031,3883,Future ,Xanny Family
1032,8127,Kehlani ,Escape
1033,9405,Lil Durk ,Did Shit To Me
1034,9202,Lizzo ,Truth Hurts (DaBaby Remix)
1035,1692,$uicideboy$ ,Antarctica
1036,9473,Luke Bryan ,Country On
1037,4991,ScHoolboy Q ,Dope Dealer
1038,9759,Rowdy Rebel ,9 Bridge
1039,8121,fun. ,We Are Young
1040,2284,Jon Pardi ,Dirt On My Boots
1041,5752,Meek Mill ,On the Regular
1042,9743,Tyler Childers ,Country Squire
1043,10525,Kings of Leon ,Sex on Fire
1044,2211,Fivio Foreign ,City of Gods
1045,7639,Logic ,Call Me
1046,8193,Flume ,Highest Building
1047,3526,Machine Gun Kelly ,love race
1048,6884,DDG ,Elon Musk
1049,1823,Michael Bublé ,Santa Claus Is Coming to Town
1050,8973,Khalid ,Satellite
1051,6032,"Tyler, The Creator ",November
1052,5125,Lil Baby ,Frozen
1053,6227,Thomas Rhett ,Sixteen
1054,2839,Jason Derulo ,Wiggle
1055,3253,Carpenters ,Silent Night
1056,769,Taylor Swift ,cardigan
1057,734,Jon Bellion ,All Time Low
1058,7573,Internet Money ,Lost Me
1059,1609,John Mayer ,New Light
1060,5268,Future ,Sleeping On The Floor
1061,1522,Offset ,Legacy
1062,2074,Camila Cabello ,Real Friends
1063,9371,Imagine Dragons ,Thunder / Young Dumb & Broke
1064,8812,Coldplay ,Champion Of The World
1065,4371,Coldplay ,Orphans
1066,3147,benny blanco ,I Found You
1067,10512,French Montana ,Off The Rip
1068,5854,Megan Thee Stallion ,Shots Fired
1069,8685,Eslabon Armado ,La Trokita
1070,6144,Run The Jewels ,out of sight
1071,8649,YoungBoy Never Broke Again ,Long RD
1072,10339,Years & Years ,Desire  Gryffin Remix
1073,7783,Logic ,Stainless
1074,404,Quality Control ,Baby (Lil Baby feat. DaBaby)
1075,1441,Adele ,Water Under the Bridge
1076,365,Flo Rida ,My House
1077,1793,A$AP Rocky ,Everyday
1078,8304,Lauv ,Sims
1079,5332,NAV ,Codeine
1080,5390,Doja Cat ,Imagine
1081,6946,Lil Baby ,Everything
1082,9185,Lauv ,Superhero
1083,8446,Eslabon Armado ,HASTA LA MUERTE
1084,2159,Lil Pump ,D Rose
1085,2179,Lil Uzi Vert ,Prices
1086,10886,Big Sean ,Blessings  Extended Version
1087,8890,Sam Cooke ,(What A) Wonderful World  Mono
1088,8370,XXXTENTACION ,Ecstasy
1089,1579,David Guetta ,This One's for You
1090,6092,Mac Miller ,Dunno
1091,9007,6ix9ine ,DOOWEE
1092,1308,Bryce Vine ,Drew Barrymore
1093,4637,Sia ,No New Friends
1094,3141,KAROL G ,"Ay, DiOs Mío!"
1095,3180,Ellie Goulding ,Burn
1096,10118,The Strumbellas ,Spirits
1097,2271,DaBaby ,RAW SHIT
1098,3568,XXXTENTACION ,Train food
1099,1976,StarBoi3 ,Dick
1100,3002,"Tyler, The Creator ",HOT WIND BLOWS
1101,9524,Oliver Tree ,Let Me Down
1102,10557,Nicki Minaj ,Big Daddy
1103,1606,Kendrick Lamar ,Rich Spirit
1104,7760,Jimin ,With You
1105,6338,Kehlani ,Everybody Business
1106,881,Rihanna ,FourFiveSeconds
1107,3331,Megan Thee Stallion ,Don’t Stop
1108,880,Kodak Black ,Too Many Years
1109,2813,Hunter Hayes ,21
1110,4275,Bad Bunny ,P FKN R
1111,868,Tory Lanez ,LUV
1112,7069,Bankrol Hayden ,Drop A Tear
1113,4914,Jack Harlow ,Like A Blade Of Grass
1114,3050,Trinidad Cardona ,Dinero
1115,2833,Juice WRLD ,Rockstar In His Prime
1116,7827,YG ,666
1117,2786,Anita Kerr Singers ,Jingle Bell Rock
1118,7863,Kacey Musgraves ,Slow Burn
1119,8633,Troye Sivan ,Angel Baby
1120,405,Billie Eilish ,idontwannabeyouanymore
1121,6408,Mumford & Sons ,Guiding Light
1122,6358,iann dior ,let you
1123,6541,SZA ,2AM
1124,1739,Drake ,In The Bible
1125,3980,Keith Urban ,Wasted Time
1126,3504,Post Malone ,Reputation
1127,8712,Halsey ,Girl is a Gun
1128,2365,Logic ,Contra
1129,166,Post Malone ,Goodbyes (Feat. Young Thug)
1130,6019,Ski Mask The Slump God ,ADMIT IT
1131,10602,Louis Armstrong ,What A Wonderful World
1132,10122,The Killers ,Run For Cover
1133,136,The Weeknd ,Die For You
1134,10568,Tony Bennett ,Silver Bells
1135,10676,Wiz Khalifa ,Most of Us
1136,6416,Ariana Grande ,Leave Me Lonely
1137,3229,Niall Horan ,No Judgement
1138,4330,Bryson Tiller ,SelfMade
1139,518,Zara Larsson ,Never Forget You
1140,6546,Miguel ,Come Through and Chill
1141,8691,G,Eazy  For This
1142,3449,The Weeknd ,I Heard You’re Married
1143,6850,DaBaby ,HIT
1144,6586,Shaggy ,It Wasn't Me
1145,1391,Tori Kelly ,Hollow
1146,7569,Gunna ,so far ahead > empire
1147,1062,Yo Gotti ,Down In the DM
1148,4904,Russ ,Missin You Crazy
1149,8444,Hayden James ,Something About You
1150,9180,BROCKHAMPTON ,GINGER
1151,5498,Rick James ,Super Freak
1152,6180,Calvin Harris ,Obsessed
1153,4656,BTS ,Louder than bombs
1154,2962,Mac Miller ,Love Lost
1155,7938,Marc E. Bassy ,Plot Twist
1156,1046,Halsey ,New Americana
1157,7936,Action Bronson ,Baby Blue
1158,2938,Danny Ocean ,Me Rehúso
1159,2162,Imagine Dragons ,I Bet My Life
1160,9042,Chris Brown ,Bitches N Marijuana
1161,3648,Nicki Minaj ,Bussin
1162,9130,Michael Bublé ,Ave Maria
1163,8955,BROCKHAMPTON ,DEARLY DEPARTED
1164,10884,Nicki Minaj ,Shanghai
1165,7,XXXTENTACION ,Jocelyn Flores
1166,90,Dua Lipa ,Don't Start Now
1167,7182,DJ Khaled ,I Love You so Much
1168,1065,Selena Gomez ,Kill Em With Kindness
1169,4654,Kendrick Lamar ,These Walls
1170,10357,Bee Gees ,Stayin' Alive  2007 Remastered Version Saturday Night Fever
1171,8908,Joji ,R.I.P.
1172,1744,Nevada ,The Mack
1173,5850,Taylor Swift ,Wildest Dreams
1174,3496,Kanye West ,Jesus Is Lord
1175,3216,Machine Gun Kelly ,DAYWALKER!
1176,3687,Sam Smith ,My Oasis
1177,602,Bad Bunny ,Callaita
1178,4985,LISA ,LALISA
1179,9734,John Prine ,Clay Pigeons
1180,9152,Florida Georgia Line ,Beer:30
1181,1403,Bing Crosby ,Winter Wonderland
1182,3465,HARDY ,"One Beer (HARDY feat. Lauren Alaina, Devin Dawson)"
1183,7538,Lil Tjay ,One Take
1184,105,SZA ,Good Days
1185,3761,Ariana Grande ,better off
1186,9172,Gorillaz ,Kansas
1187,7548,Daniel Caesar ,FRONTAL LOBE MUZIK
1188,2550,Lil Skies ,Havin My Way
1189,4388,Lil Yachty ,BABY DADDY
1190,10907,Destiny's Child ,Carol of the Bells a.k.a Opera of the Bells
1191,5129,A$AP Rocky ,Gunz N Butter
1192,10205,AJR ,Burn the House Down
1193,289,Future ,WAIT FOR U
1194,5462,Chris Brown ,Psychic
1195,9769,DJ Khaled ,I CAN HAVE IT ALL
1196,2223,Drake ,Jaded
1197,3105,Zara Larsson ,TG4M
1198,10180,Gorillaz ,Sex Murder Party
1199,1126,Drake ,Pussy & Millions
1200,134,The Weeknd ,Save Your Tears
1201,9775,Kodak Black ,Let Me Know
1202,305,YNW Melly ,223's
1203,856,21 Savage ,Mr. Right Now
1204,9332,YNW Melly ,Billboard
1205,10371,Mac DeMarco ,Chamber Of Reflection
1206,5194,Playboi Carti ,ILoveUIHateU
1207,1734,Future ,First Off
1208,2441,DJ Khaled ,Top Off
1209,5139,Panic! At The Disco ,King Of The Clouds
1210,8205,Third Eye Blind ,SemiCharmed Life
1211,9518,Bebe Rexha ,Not 20 Anymore
1212,9781,OneRepublic ,Wild Life
1213,10628,Meghan Trainor ,Better
1214,5521,Taylor Swift ,Getaway Car
1215,3551,Taylor Swift ,Only The Young  Featured in Miss Americana
1216,3376,Ariana Grande ,west side
1217,10405,Khalid ,Coaster
1218,2625,Little Mix ,Shout Out to My Ex
1219,3522,Paramore ,Hard Times
1220,9465,BROCKHAMPTON ,LOOPHOLE
1221,10590,Gucci Mane ,At Least a M
1222,10586,Tory Lanez ,To D.R.E.A.M.
1223,1806,Lauv ,The Other
1224,6298,The 1975 ,TOOTIMETOOTIMETOOTIME
1225,6044,Busta Rhymes ,Look Over Your Shoulder
1226,6220,Sabrina Carpenter ,A Nonsense Christmas
1227,3819,Bryson Tiller ,Outta Time
1228,5902,Noah Kahan ,Northern Attitude
1229,9112,DJ Khaled ,THIS IS MY YEAR
1230,7965,Iggy Azalea ,Heavy Crown
1231,635,Kendrick Lamar ,ELEMENT.
1232,9222,Logic ,God Might Judge
1233,7784,Future ,In Her Mouth
1234,5572,Gucci Mane ,Waybach
1235,9516,Lana Del Rey ,Not All Who Wander Are Lost
1236,7893,Marian Hill ,Got It
1237,9176,Justin Bieber ,Christmas Eve
1238,4884,ScHoolboy Q ,CrasH
1239,7659,Coldplay ,Fix You
1240,7386,Baby Keem ,gorgeous
1241,4603,Twenty One Pilots ,Smithereens
1242,7780,Luke Combs ,South On Ya
1243,313,Ariana Grande ,34+35
1244,8901,Solange ,Binz
1245,6332,Future ,LIKE ME
1246,7043,One Direction ,Home
1247,9658,Ali Gatie ,Welcome Back
1248,8619,Shawn Mendes ,Piece Of You
1249,5274,Kendrick Lamar ,How Much A Dollar Cost
1250,2684,Miley Cyrus ,Heart Of Glass (Live from the iHeart Music Festival)
1251,5045,Eminem ,Chloraseptic
1252,6847,Future ,Up the River
1253,6022,Russ ,GUESS WHAT
1254,1356,Billie Eilish ,Your Power
1255,4705,Mustard ,Whole Lotta Lovin'
1256,3889,Creedence Clearwater Revival ,Fortunate Son
1257,8531,Eminem ,These Demons
1258,1597,Imagine Dragons ,Bad Liar
1259,7650,G,Eazy  Love Is Gone
1260,5790,Lil Skies ,Flooded
1261,9028,The Rolling Stones ,Sympathy For The Devil  50th Anniversary Edition
1262,10640,Stevie Wonder ,Silver Bells
1263,10087,WALK THE MOON ,One Foot
1264,3663,Tory Lanez ,B.I.D
1265,9803,Meek Mill ,On My Soul
1266,2208,Cashmere Cat ,Miss You
1267,1645,Taylor Swift ,The Great War
1268,7303,Twenty One Pilots ,No Chances
1269,2500,Kanye West ,Selah
1270,633,AJR ,Bang!
1271,4938,Summer Walker ,Stretch You Out
1272,2948,Lady Gaga ,Perfect Illusion
1273,603,Dua Lipa ,IDGAF
1274,2361,Beyoncé ,Drunk in Love
1275,2250,Logic ,Black SpiderMan
1276,9066,Agust D ,People
1277,8490,Sia ,Snowman  Sped Up Version
1278,2435,Kehlani ,Gangsta
1279,2643,Lil Uzi Vert ,Celebration Station
1280,6914,Bryson Tiller ,High Stakes
1281,5500,21 Savage ,Red Opps
1282,7060,BROCKHAMPTON ,SUGAR (Remix)
1283,3959,Eagles ,Hotel California  2013 Remaster
1284,6908,The Beatles ,All You Need Is Love  Remastered
1285,1011,Burl Ives ,Rudolph The RedNosed Reindeer
1286,10566,Ledinsky ,DonaldTrumpMakesMeWannaSmokeCrack
1287,6709,Rich Brian ,Gospel
1288,3503,Ty Dolla $ign ,Ego Death
1289,10413,G,Eazy  Vengeance On My Mind
1290,8958,YoungBoy Never Broke Again ,I Can't Take It Back
1291,2312,Lil Wayne ,What About Me
1292,1040,Cody Johnson ,'Til You Can't
1293,403,Taylor Swift ,AntiHero
1294,1322,Nardo Wick ,Dah Dah DahDah
1295,9988,DJ Khaled ,JUST BE
1296,5718,YoungBoy Never Broke Again ,All In
1297,291,Maroon 5 ,Memories
1298,7133,Halsey ,Castle
1299,1350,Frank Sinatra ,Jingle Bells  Remastered 1999
1300,2421,J. Cole ,1 0 0 . m i l ‘
1301,7775,Julia Michaels ,Anxiety
1302,9032,Summer Walker ,Like It
1303,3849,Drake ,6PM In New York
1304,386,NEIKED ,Better Days (NEIKED x Mae Muller x Polo G)
1305,8324,Bryson Tiller ,Blame
1306,10538,RedOne ,Don't You Need Somebody
1307,5374,Trippie Redd ,They Afraid Of You
1308,8156,Calvin Harris ,Hard to Love
1309,9872,The Neighbourhood ,Cry Baby
1310,3131,Trey Songz ,Nobody Else But You
1311,2862,Eminem ,Those Kinda Nights
1312,4907,Juice WRLD ,ON GOD
1313,7973,Joey Bada$$ ,Land of the Free
1314,6329,Talking Heads ,Psycho Killer  2005 Remastered Version
1315,510,Jack Harlow ,Tyler Herro
1316,1174,Harry Styles ,Satellite
1317,6838,Meek Mill ,GTA
1318,5106,Major Lazer ,Que Calor
1319,6558,Van Halen ,Runnin' with the Devil  2015 Remaster
1320,474,Selena Gomez ,Lose You To Love Me
1321,7570,Vicente Fernández ,Mujeres Divinas
1322,5659,Lady Gaga ,Replay
1323,2811,Nico & Vinz ,That's How You Know
1324,7580,The Wombats ,Greek Tragedy
1325,6768,5 Seconds of Summer ,Valentine
1326,7972,Logic ,Can I Kick It
1327,1031,Gene Autry ,Here Comes Santa Claus (Right Down Santa Claus Lane)
1328,3394,Dreamville ,Sunset
1329,4501,OMI ,Cheerleader  Felix Jaehn vs Salaam Remi Remix
1330,9972,The Beatles ,In My Life  Remastered 2009
1331,5980,Andy Grammer ,"Don't Give Up On Me  (From ""Five Feet Apart"")"
1332,4090,Migos ,Avalanche
1333,7423,Tom Petty ,Wildflowers
1334,30,Lewis Capaldi ,Someone You Loved
1335,3757,Lana Del Rey ,High By The Beach
1336,10552,Galantis ,Make Me Feel
1337,8909,Joshua Bassett ,Set Me Free
1338,10715,Sam Smith ,Drowning Shadows
1339,3197,Lorde ,Team
1340,1208,42 Dugg ,4 Da Gang
1341,2096,BTS ,MIC Drop
1342,736,Drake ,Don’t Matter To Me
1343,6548,A Tribe Called Quest ,Dis Generation
1344,9761,Rex Orange County ,Laser Lights
1345,1827,Lil Yachty ,Poland
1346,3120,Drake ,Demons
1347,2279,Metro Boomin ,Raindrops (Insane) [with Travis Scott]
1348,8087,Ryan Adams ,Blank Space
1349,720,Jonas Blue ,Fast Car
1350,9742,Young Thug ,Icy Hot
1351,12,Travis Scott ,SICKO MODE
1352,721,Chance the Rapper ,Hot Shower
1353,9889,B.o.B ,Not For Long
1354,7190,Roddy Ricch ,Out Tha Mud
1355,10665,The Head And The Heart ,Winter Song
1356,3307,"Tyler, The Creator ",PUPPET
1357,5579,Lil Pump ,Back
1358,5177,A$AP Rocky ,OG Beeper
1359,7713,Sam Smith ,"River  Recorded At RAK Studios, London"
1360,3657,Big Sean ,Owe Me
1361,6503,21 Savage ,Money Convo
1362,4546,R. Kelly ,Ignition (Remix)
1363,7310,Lil Wayne ,Harden
1364,4248,Taylor Swift ,White Horse (Taylor’s Version)
1365,9894,ABBA ,I Still Have Faith In You
1366,10596,Solange ,Rise
1367,10813,Earl Sweatshirt ,Huey
1368,9946,YoungBoy Never Broke Again ,Fuck Ya!
1369,350,Sam Smith ,Dancing With A Stranger
1370,1190,Trippie Redd ,Love Scars
1371,3067,Eminem ,Darkness
1372,3965,David Guetta ,Bad
1373,8128,Wiz Khalifa ,Celebrate
1374,4270,Taylor Swift ,Forever & Always (Taylor’s Version)
1375,761,DJ Khaled ,EVERY CHANCE I GET
1376,9048,Jon Bellion ,JT
1377,6874,Shakira ,Me Gusta
1378,8774,Jennifer Lopez ,Ain't Your Mama
1379,4359,Fall Out Boy ,Immortals
1380,2425,Ariana Grande ,just like magic
1381,6024,Logic ,Vaccine
1382,7260,Pop Smoke ,Back Door
1383,4842,Miley Cyrus ,D.R.E.A.M.
1384,9494,Florida Georgia Line ,Always Gonna Love You
1385,9040,5 Seconds of Summer ,Castaway
1386,9925,Us The Duo ,Shake It Off
1387,240,Billie Eilish ,bury a friend
1388,9943,Daft Punk ,Get Lucky
1389,258,Adele ,Easy On Me
1390,919,Social House ,Magic In The Hamptons
1391,2324,Nicky Jam ,Te Robaré
1392,8389,Gunna ,Idk Why
1393,3515,Madison Beer ,Home With You
1394,9567,Maluma ,Sobrio
1395,10099,Lil Yachty ,Dirty Mouth
1396,7910,Lil Tecca ,Sidenote
1397,6920,Future ,Talk Shit Like a Preacher
1398,8756,Lin,Manuel Miranda  Almost Like Praying
1399,6805,Halsey ,Alone
1400,4239,Beyoncé ,ALL UP IN YOUR MIND
1401,3583,NLE Choppa ,Shotta Flow 3
1402,2302,XXXTENTACION ,Depression & Obsession
1403,4626,Miguel ,Coffee (F***ing)
1404,4197,Lil Wayne ,Dope New Gospel
1405,6397,Migos ,Light It Up
1406,10442,blink,182  Kings of the Weekend
1407,5747,Dreamville ,Don't Hit Me Right Now
1408,3834,Mumford & Sons ,Snake Eyes
1409,8264,Mac Miller ,Dunno  Recorded at Spotify Studios NYC
1410,6735,Tove Lo ,True Disaster
1411,8936,P!nk ,For Now
1412,10164,Rita Ora ,Only Want You
1413,912,Fifth Harmony ,All In My Head (Flex)
1414,8307,Gnarls Barkley ,Crazy
1415,2004,Kodak Black ,Love & War
1416,3048,Kanye West ,Every Hour
1417,456,Drake ,I'm Upset
1418,3277,Daya ,Words
1419,10821,NERVO ,It Feels
1420,10810,Foo Fighters ,Best of You
1421,8431,Earl Sweatshirt ,Ontheway!
1422,9507,Hailee Steinfeld ,Afterlife
1423,33,Khalid ,Location
1424,7199,Baby Keem ,scapegoats
1425,5686,Trans,Siberian Orchestra  Christmas Eve / Sarajevo 12/24  Instrumental
1426,2034,All Time Low ,"Dear Maria, Count Me In"
1427,792,Lil Tecca ,Did It Again
1428,4748,Bad Bunny ,Hablamos Mañana
1429,6736,Michael Bublé ,Santa Baby
1430,8708,JID ,Galaxy
1431,7557,BTS ,All Night (BTS World Original Soundtrack) [Pt. 3]
1432,1888,Britney Spears ,Make Me...
1433,7341,DJ Khaled ,"FAM GOOD, WE GOOD"
1434,5573,Bryson Tiller ,Years Go By
1435,8469,Kane Brown ,Blessed & Free
1436,3915,A$AP Rocky ,Canal St.
1437,10474,Madden ,Alive
1438,3085,Meek Mill ,On Me
1439,6423,Steve Aoki ,All Night
1440,4127,Future ,Stripes Like Burberry
1441,589,Fetty Wap ,Again
1442,4761,Blake Shelton ,Lonely Tonight
1443,6018,Young Thug ,Gangster Shit
1444,4289,CAZZETTE ,Blind Heart
1445,1844,Juice WRLD ,Up Up And Away
1446,9136,Miley Cyrus ,Nothing Else Matters
1447,8724,KYLE ,YES!
1448,1173,Oliver Tree ,Life Goes On
1449,5121,Future ,4 da Gang
1450,3765,Juice WRLD ,Doom
1451,5862,Kinneret ,No Wind Resistance!
1452,10868,Life of Dillon ,Overload
1453,848,Thomas Rhett ,Marry Me
1454,122,Tones And I ,Dance Monkey
1455,9880,5 Seconds of Summer ,COMPLETE MESS
1456,8947,Sia ,Floating Through Space
1457,2704,Harry Styles ,Cherry
1458,2127,Carpenters ,Sleigh Ride
1459,1216,Billie Eilish ,my future
1460,78,Drake ,Wants and Needs
1461,5809,Lil Wayne ,Funeral
1462,8828,Eazy,E  BoyzNTheHood
1463,9728,Russ ,Serious
1464,1940,Regard ,Ride It
1465,785,Rihanna ,Bitch Better Have My Money
1466,8651,Florence + The Machine ,Patricia
1467,6860,Bon Iver ,Skinny Love
1468,2337,Vice ,Obsession
1469,4855,The 1975 ,Somebody Else
1470,2146,Drake ,Redemption
1471,3103,Taylor Swift ,Treacherous (Taylor's Version)
1472,244,Dan + Shay ,"10,000 Hours"
1473,6678,Gunna ,Yao Ming
1474,3598,Idina Menzel ,Show Yourself
1475,5230,Big Sean ,Inspire Me
1476,3032,Coldplay ,Magic
1477,3341,Khalid ,Self
1478,2855,Juice WRLD ,Feline
1479,3982,Young Thug ,Anybody
1480,9427,Denzel Curry ,WISH Feat. Kiddo Marv
1481,3918,Mac Miller ,That's On Me
1482,6261,No Name No Fame ,Swervin' In My Lane
1483,5582,Taylor Swift ,Carolina
1484,2323,Bad Bunny ,Amorfoda
1485,4981,Alessia Cara ,Seventeen
1486,1439,Idina Menzel ,Into the Unknown
1487,3615,Linkin Park ,In The End
1488,2423,Demi Lovato ,Met Him Last Night
1489,4253,Alessia Cara ,Make It To Christmas
1490,4605,Logic ,No Pressure  intro
1491,3191,Bing Crosby ,Mele Kalikimaka (Merry Christmas)
1492,3532,A$AP Rocky ,Cocky
1493,10944,JAY,Z  Holy Grail
1494,1262,A Boogie Wit da Hoodie ,My Shit
1495,9738,Bass Santana ,Fall in Love with Death
1496,9376,Kanye West ,Remote Control pt 2
1497,9741,Lil Tecca ,Foreign
1498,3807,Metallica ,Enter Sandman
1499,7002,Lovejoy ,Perfume
1500,4108,One Direction ,Temporary Fix
1501,2329,Future ,Draco
1502,9500,Missy Elliott ,Throw It Back
1503,2575,Shordie Shordie ,Bitchuary
1504,7540,Quinn XCII ,We Don’t Talk Enough
1505,8183,The xx ,Dangerous
1506,5717,Eminem ,Offended
1507,9087,The Band CAMINO ,Crying Over You
1508,5598,Twenty One Pilots ,Fairly Local
1509,9876,PinkPantheress ,I must apologise
1510,1833,Zedd ,I Want You To Know
1511,5863,Jessie Ware ,Say You Love Me
1512,1993,Gucci Mane ,Rumors
1513,277,Joji ,Glimpse of Us
1514,2719,Brett Eldredge ,Drunk On Your Love
1515,7765,Los Del Limit ,Siendo Sincero
1516,7769,The Strokes ,Selfless
1517,7886,Fetty Wap ,Sweet Yamz
1518,3888,Brent Faiyaz ,LOOSE CHANGE
1519,9370,PARTYNEXTDOOR ,SAVAGE ANTHEM
1520,5975,Ariana Grande ,Moonlight
1521,7448,Future ,Overdose
1522,8658,Tove Lo ,Disco Tits
1523,818,Marshmello ,Be Kind
1524,10834,Leon Bridges ,Smooth Sailin'
1525,4595,Bad Bunny ,<3
1526,3062,Marshmello ,Light It Up
1527,7956,Cheat Codes ,Sex (Cheat Codes X Kris Kross Amsterdam)
1528,5440,Brent Faiyaz ,WASTING TIME (FEAT. DRAKE & THE NEPTUNES)
1529,2182,Migos ,BBO (Bad Bitches Only)
1530,4503,Chance the Rapper ,Blessings
1531,2559,Kanye West ,Everything We Need
1532,4930,Khalid ,Heaven
1533,10256,Bebe Rexha ,(Not) The One
1534,5938,Justin Bieber ,MLK Interlude
1535,4410,Roddy Ricch ,25 million
1536,8399,Playboi Carti ,Pull Up
1537,8550,The White Stripes ,Seven Nation Army
1538,9815,Charli XCX ,enemy
1539,1684,Travis Scott ,CAN'T SAY
1540,249,The Walters ,I Love You So
1541,6659,G,Eazy  But A Dream
1542,6448,Young Thug ,Jumped Out the Window
1543,8226,Nicki Minaj ,Trini Dem Girls
1544,885,Beyoncé ,BREAK MY SOUL
1545,6835,David Bowie ,Changes  1999 Remastered Version
1546,5258,Joji ,NITROUS
1547,10300,DJ Khaled ,That Range Rover Came With Steps
1548,3425,Lil Wayne ,Let It All Work Out
1549,4615,Future ,High Demand
1550,3385,Nicki Minaj ,Yikes
1551,5505,MKTO ,American Dream
1552,1354,J. Cole ,ATM
1553,4339,Lil Pump ,Molly
1554,4883,Christina Aguilera ,Have Yourself a Merry Little Christmas
1555,9633,YG ,Out On Bail
1556,7508,A$AP Rocky ,Dreams (Interlude)
1557,3611,Future ,Jet Lag
1558,4132,Bebe Rexha ,I Can't Stop Drinking About You
1559,5394,Machine Gun Kelly ,fake love don't last
1560,8784,Solange ,My Skin My Logo
1561,5290,Tom Petty ,I Won't Back Down
1562,1835,KAROL G ,BICHOTA
1563,6537,Fifth Harmony ,Write On Me
1564,9792,Nick Jonas ,Right Now
1565,6904,Florence + The Machine ,What Kind Of Man
1566,5506,Lil Baby ,Realist In It
1567,7565,Russ ,UGLY
1568,441,Lil Skies ,Lust
1569,9208,Don Toliver ,Crossfaded
1570,6260,Lorde ,Secrets from a Girl (Who's Seen it All)
1571,9424,Flyboy Tarantino ,"Love Hard, Fall Fast"
1572,9659,ROSALÍA ,SAOKO
1573,9098,Carnage ,Wait For Me
1574,7838,Childish Gambino ,35.31
1575,5638,Dreamville ,Sacrifices
1576,3293,Lil Baby ,Live Off My Closet
1577,9733,Alicia Keys ,Show Me Love
1578,5165,Kelsea Ballerini ,Better Luck Next Time
1579,3722,Beyoncé ,THIQUE
1580,6899,Lil Baby ,Can't Explain
1581,2734,Bazzi ,Focus
1582,5167,Juice WRLD ,Desire
1583,3387,Drake ,Desires
1584,10397,Prince ,Kiss
1585,5403,Lorde ,Hard Feelings/Loveless
1586,10839,Ciara ,I Bet
1587,7382,Young Thug ,Peepin Out The Window
1588,3178,Selena Gomez ,Feel Me
1589,4086,Taylor Swift ,Fifteen (Taylor’s Version)
1590,10761,Blake Shelton ,Gonna
1591,3004,Justin Bieber ,Children
1592,10917,Leighton Meester ,Run Away
1593,8235,PARTYNEXTDOOR ,THE NEWS
1594,9215,Florence + The Machine ,Sky Full Of Song
1595,4779,Metro Boomin ,10AM/Save The World
1596,7269,XXXTENTACION ,NorthStar  Remix
1597,5259,Metro Boomin ,Blue Pill
1598,316,Calvin Harris ,Slide
1599,9476,Foo Fighters ,Something from Nothing
1600,9861,Nicki Minaj ,Nip Tuck
1601,6702,Camila Cabello ,Inside Out
1602,2860,BTS ,Life Goes On
1603,1942,Roddy Ricch ,Die Young
1604,8059,RM ,Still Life
1605,3327,Bad Bunny ,Soliá
1606,10309,Red Hot Chili Peppers ,Goodbye Angels
1607,3561,Bad Bunny ,La Zona
1608,10671,ScHoolboy Q ,Tookie Knows II
1609,7433,Mac Miller ,Clubhouse
1610,6326,Future ,Bought A Bad Bitch
1611,8891,Conan Gray ,The Story
1612,4502,Kesha ,Woman
1613,3600,Lil Yachty ,"T.D (Lil Yachty & Tierra Whack feat. A$AP Rocky & Tyler, The Creator)"
1614,8916,Polo G ,No Matter What
1615,7375,Wiz Khalifa ,Penthouse
1616,9183,Joey Bada$$ ,Shine
1617,4370,Russ ,Are You Entertained
1618,5295,Future ,BACK TO THE BASICS
1619,6618,Migos ,Top Down On Da NAWF
1620,6229,Bing Crosby ,Hark! The Herald Angels Sing/It Came Upon A Midnight Clear  Remastered
1621,5370,Lil Peep ,Broken Smile (My All)
1622,10895,Josh Groban ,Angels We Have Heard on High
1623,854,DaBaby ,Goin Baby
1624,5176,Taylor Swift ,Today Was A Fairytale (Taylor’s Version)
1625,2631,Jason Aldean ,Got What I Got
1626,2468,Shawn Mendes ,When You're Gone
1627,3742,Lil Baby ,Pop Out
1628,8447,Ivan Cornejo ,Está Dañado
1629,10784,New Politics ,Girl Crush
1630,10140,Rich Brian ,Crisis
1631,6048,Dolly Parton ,"Cuddle Up, Cozy Down Christmas"
1632,179,Billie Eilish ,Happier Than Ever
1633,914,Ariana Grande ,Love Me Harder
1634,886,The Weeknd ,Acquainted
1635,8503,RM ,Lonely
1636,4037,Logic ,Everybody Dies
1637,2623,SleazyWorld Go ,Sleazy Flow
1638,6819,Future ,Last Name
1639,190,SAINt JHN ,Roses  Imanbek Remix
1640,3682,The Weeknd ,Reminder  Remix
1641,1097,Demi Lovato ,Tell Me You Love Me
1642,8622,blackbear ,playboy shit
1643,3786,Nicki Minaj ,Rich Sex
1644,9190,Ski Mask The Slump God ,Lost In Time
1645,147,Drake ,Jumpman
1646,8555,Yeat ,Wat it feel lykë
1647,1214,Tiësto ,The Motto
1648,9800,The Carters ,713
1649,4355,Brenda Lee ,Rockin' Around the Christmas Tree  Rerecorded Version
1650,10018,Cage The Elephant ,Night Running
1651,448,NLE Choppa ,Walk Em Down
1652,8931,NAV ,Time Piece
1653,3671,Mac Miller ,What's the Use?
1654,4918,Nicki Minaj ,Majesty
1655,7145,The Chicks ,Gaslighter
1656,437,Cochise ,Tell Em
1657,5706,ScHoolboy Q ,5200
1658,3634,Eminem ,In Too Deep
1659,3256,Ed Sheeran ,Save Myself
1660,7682,ODESZA ,The Last Goodbye
1661,4198,Kid Cudi ,Lovin’ Me
1662,9569,Red Hot Chili Peppers ,Snow (Hey Oh)
1663,5452,Twenty One Pilots ,Heavydirtysoul
1664,9616,Aminé ,BLACKJACK
1665,5646,Russell Dickerson ,Blue Tacoma
1666,1000,Omar Apollo ,Evergreen
1667,1655,Lizzo ,Rumors
1668,1810,Fetty Wap ,Jimmy Choo
1669,7030,Lorde ,Fallen Fruit
1670,10508,Beck ,Turn Away
1671,8766,Tove Lo ,Glad He's Gone
1672,8868,Pi’erre Bourne ,Sossboy 2
1673,4912,21 Savage ,Still Serving
1674,3864,Meek Mill ,What's Free
1675,7158,Ski Mask The Slump God ,He Diddy!
1676,4152,Logic ,Fade Away
1677,9556,NAV ,EAT
1678,5064,Miley Cyrus ,Heart Of Glass (Live from the iHeart Festival)
1679,4249,The Neighbourhood ,#icanteven
1680,9930,Isaiah Rashad ,THIB
1681,9544,Linkin Park ,Runaway
1682,3347,Drake ,Time Flies
1683,9593,David Guetta ,Lovers on the Sun
1684,10194,Kesha ,Bastards
1685,9767,Joji ,XNXX
1686,3072,Lil Wayne ,Open Letter
1687,1711,Ambjaay ,Uno
1688,487,Yo Gotti ,Rake It Up
1689,8739,Gucci Mane ,Off the Boat
1690,1834,Daniel Caesar ,Get You
1691,8165,5 Seconds of Summer ,Permanent Vacation
1692,5109,Future ,Lookin Exotic
1693,8705,Taylor Swift ,Message In A Bottle (Fat Max G Remix) (Taylor’s Version)
1694,8991,Lil Yachty ,Better
1695,1451,Moneybagg Yo ,Wockesha
1696,301,Masked Wolf ,Astronaut In The Ocean
1697,3516,"Tyler, The Creator ",MASSA
1698,2878,Ed Sheeran ,Hearts Don't Break Around Here
1699,8101,David Bowie ,The Man Who Sold The World  1999 Remastered Version
1700,8563,LANY ,dancing in the kitchen
1701,4672,Joji ,Tick Tock
1702,4164,Big Sean ,I Know
1703,7574,One Direction ,Once in a Lifetime
1704,10731,Motörhead ,Ace Of Spades
1705,7077,Riley Green ,If It Wasn’t For Trucks
1706,5487,Morgan Wallen ,Quittin’ Time
1707,2342,XXXTENTACION ,I Don't Wanna Do This Anymore
1708,1181,24kGoldn ,CITY OF ANGELS
1709,6494,Bryson Tiller ,You Got It
1710,7908,Cordae ,Wassup
1711,6928,Andrew Gold ,"Spooky, Scary Skeletons"
1712,1513,Andy Williams ,Happy Holiday / The Holiday Season
1713,4715,$uicideboy$ ,1000 Blunts
1714,2266,Bad Bunny ,La Santa
1715,8440,Panic! At The Disco ,Viva Las Vengeance
1716,1394,Kanye West ,Yikes
1717,2536,Ivan Cornejo ,J.
1718,2467,Joji ,Run
1719,230,Ariana Grande ,no tears left to cry
1720,1221,Kendrick Lamar ,Alright
1721,2072,21 Savage ,can't leave without it
1722,9537,BTS ,Trivia 轉 : Seesaw
1723,692,Rae Sremmurd ,No Type
1724,2036,Jason Aldean ,If I Didn't Love You
1725,4879,Ski Mask The Slump God ,Unbothered
1726,2407,Drake ,Peak
1727,766,Yung Gravy ,Betty (Get Money)
1728,7724,SZA ,Percolator
1729,4383,YG ,In The Dark
1730,6393,Jack Johnson ,Better Together
1731,1248,Gunna ,P power
1732,8913,Bon Iver ,Faith
1733,5226,Nicki Minaj ,LLC
1734,7697,Gucci Mane ,Peepin out the Blinds
1735,1726,David Guetta ,Like I Do
1736,5346,Lil Baby ,Perfect Timing
1737,7680,Quality Control ,Too Hotty
1738,7321,Rihanna ,Never Ending
1739,7671,Linkin Park ,Good Goodbye
1740,7397,Mac DeMarco ,For the First Time
1741,985,6ix9ine ,GUMMO
1742,1022,Post Malone ,92 Explorer
1743,5004,DaBaby ,NO DRIBBLE
1744,1462,Selena Gomez ,The Heart Wants What It Wants
1745,1771,Big Sean ,Jump Out The Window
1746,9041,Lil Durk ,Shootout @ My Crib
1747,3737,Maroon 5 ,It Was Always You
1748,2768,Coldplay ,Hymn for the Weekend
1749,715,Polo G ,Flex
1750,6381,Ozuna ,Me Dijeron
1751,7795,Florida Georgia Line ,Second Guessing
1752,3810,Brent Faiyaz ,Wasting Time ( feat. Drake )
1753,148,Trevor Daniel ,Falling
1754,8271,XXXTENTACION ,Triumph
1755,2405,Ed Sheeran ,New Man
1756,8721,Chance the Rapper ,Found A Good One (Single No More)
1757,6354,Young Thug ,Boy Back
1758,10128,Jimmy Buffett ,Margaritaville
1759,7810,Bryson Tiller ,Set It Off
1760,1971,Lil Baby ,Errbody
1761,5952,Tee Grizzley ,Young Grizzley World
1762,6741,IU ,eight(Prod.&Feat. SUGA of BTS)
1763,5344,Joyner Lucas ,Will
1764,9853,Chance the Rapper ,Finish Line / Drown
1765,550,Juice WRLD ,Hate The Other Side
1766,65,Arizona Zervas ,ROXANNE
1767,3610,Juice WRLD ,You Wouldn't Understand
1768,8660,Lil Durk ,Started From
1769,6071,Summer Walker ,Switch A Nigga Out
1770,7144,Mitski ,Stay Soft
1771,7152,Playboi Carti ,F33l Lik3 Dyin
1772,5851,blink,182  She's Out Of Her Mind
1773,5972,Priory ,Weekend
1774,6176,Trippie Redd ,UKA UKA
1775,6576,Van Halen ,Panama  2015 Remaster
1776,8733,Marshmello ,Baggin'
1777,6557,Post Malone ,Leave
1778,9119,YoungBoy Never Broke Again ,Nawfside
1779,1768,Jack Harlow ,SUVs (Black on Black)
1780,2258,XXXTENTACION ,Sauce!
1781,10726,Cheat Codes ,Don't Say No
1782,10897,Beyoncé ,Drunk in Love Remix
1783,3086,Disclosure ,Magnets
1784,3018,The Weeknd ,Here We Go… Again
1785,9057,Mariah Carey ,Santa Claus Is Comin' to Town
1786,7307,Alesso ,Cool
1787,2605,A$AP Rocky ,A$AP Forever
1788,4834,G,Eazy  Hate The Way
1789,5795,A Thousand Horses ,Smoke
1790,4880,Jack Harlow ,I WANNA SEE SOME ASS
1791,2922,Starley ,Call On Me  Ryan Riback Remix
1792,3844,Justin Bieber ,Come Around Me
1793,9920,Missing Seoul ,Love Is So Sweet
1794,660,YBN Nahmir ,Rubbin Off The Paint
1795,227,Lil Mosey ,Noticed
1796,8312,Lil Tecca ,All Star
1797,5609,Luke Combs ,All Over Again
1798,7880,Hilary Duff ,All About You
1799,951,Topic ,Breaking Me
1800,2291,Juice WRLD ,In My Head
1801,3027,Jake Owen ,American Country Love Song
1802,7480,Don Toliver ,Double Standards
1803,1803,Drake ,Papi’s Home
1804,3892,Beyoncé ,BROWN SKIN GIRL
1805,6491,DJ Khaled ,NO SECRET
1806,4983,Tate McRae ,uh oh
1807,1624,The Chainsmokers ,Sick Boy
1808,1664,Sam Smith ,Like I Can
1809,3287,Gayla Peevey ,I Want a Hippopotamus for Christmas (Hippo the Hero)
1810,2932,A Boogie Wit da Hoodie ,Mood Swings
1811,6501,$uicideboy$ ,5 Grand at 8 to 1
1812,1068,XXXTENTACION ,NUMB
1813,1372,Ariana Grande ,bloodline
1814,1870,SZA ,Blind
1815,1696,Quality Control ,Ice Tray
1816,7764,Bo Burnham ,30
1817,9467,WESTSIDE BOOGIE ,Rainy Days
1818,2293,Jax ,Victoria’s Secret
1819,4963,NAV ,Call Me
1820,5516,Twenty One Pilots ,Legend
1821,4301,The Platters ,Christmas Time
1822,1152,Post Malone ,Zack And Codeine
1823,8825,Daddy Yankee ,REMIX
1824,7195,Justin Timberlake ,Flannel
1825,8426,The 1975 ,Part Of The Band
1826,852,CKay ,love nwantiti (ah ah ah)
1827,3747,Jason Derulo ,Try Me
1828,5871,Kacey Musgraves ,starcrossed
1829,9706,Tory Lanez ,Old Friends x New Foes
1830,7676,Giveon ,Lost Me
1831,3760,Kanye West ,Jail pt 2
1832,10298,Vanessa Carlton ,A Thousand Miles
1833,3609,J Balvin ,Ginza
1834,1556,Kendrick Lamar ,m.A.A.d city
1835,6544,Young Thug ,Icey
1836,10924,Zara Larsson ,Carry You Home
1837,1229,Metro Boomin ,Creepin'
1838,8185,Bon Iver ,Naeem
1839,5920,Twenty One Pilots ,The Judge
1840,7611,Drake ,Successful
1841,947,John Legend ,All of Me
1842,3478,Taylor Swift ,Daylight
1843,4849,Calvin Harris ,Prayers Up
1844,10707,House Of Pain ,Jump Around
1845,7503,YoungBoy Never Broke Again ,I Know
1846,3831,The Chainsmokers ,High
1847,2819,Frank Sinatra ,The First Noel  Remastered 1999
1848,3512,Justin Bieber ,All In It
1849,7207,Zac Brown Band ,Knee Deep
1850,2581,G,Eazy  Drifting
1851,6664,Drake ,Jodeci Freestyle
1852,2278,BTS ,FAKE LOVE
1853,429,DNCE ,Cake By The Ocean
1854,6682,j,hope  Arson
1855,8930,Myke Towers ,Oh Na Na
1856,6621,Sasha Alex Sloan ,when was it over?
1857,7700,HAIM ,Want You Back
1858,4098,Pusha T ,The Games We Play
1859,10429,Marc E. Bassy ,Morning
1860,6728,Lil Tecca ,Our Time
1861,6506,Lil Nas X ,Bring U Down
1862,7482,Maggie Rogers ,That's Where I Am
1863,9408,Lil Yachty ,Forever World
1864,3238,T.I. ,No Mediocre
1865,5535,Beyoncé ,Don't Hurt Yourself
1866,780,Tay,K  The Race
1867,9795,Sam Smith ,I Feel Love
1868,3645,Luke Combs ,Doin' This
1869,1257,The Carters ,APESHIT
1870,6901,Summer Walker ,My Affection
1871,4032,DJ Khaled ,GOD DID
1872,5735,Future ,Photo Copied
1873,5713,Gunna ,MET GALA
1874,4563,Halsey ,Eyes Closed
1875,7187,Dustin Lynch ,Thinking 'Bout You
1876,5101,5 Seconds of Summer ,Jet Black Heart
1877,9024,Lil Pump ,Fasho Fasho
1878,8377,Pentatonix ,Up On The Housetop
1879,2712,G,Eazy  Let's Get Lost
1880,6715,Romeo Santos ,Sin Fin
1881,7919,Bazzi ,3:15
1882,1610,Shakira ,Chantaje
1883,4766,Wyclef Jean ,Divine Sorrow
1884,2946,Conan Gray ,Memories
1885,6481,Future ,She Never Been To Pluto
1886,5736,Alesso ,When I’m Gone
1887,5444,Nicki Minaj ,Ganja Burn
1888,7369,Kansas ,Carry on Wayward Son
1889,391,José Feliciano ,Feliz Navidad
1890,1377,Drake ,Emotionless
1891,10920,Bahari ,Wild Ones
1892,5049,Future ,PIE
1893,8335,DJ Khaled ,Holy Mountain
1894,9901,Doe Boy ,Low Key
1895,497,Frank Ocean ,Lost
1896,2579,Kendrick Lamar ,Worldwide Steppers
1897,3835,Rich The Kid ,Leave Me
1898,9875,Nas ,Nobody
1899,1013,Ariana Grande ,Break Free
1900,4047,21 Savage ,Disrespectful
1901,8305,Ellie Goulding ,Worry About Me
1902,5026,Justin Bieber ,Changes
1903,1930,Taylor Swift ,gold rush
1904,7085,Melanie Martinez ,Class Fight
1905,7235,Travis Scott ,Oh My Dis Side
1906,607,Dove Cameron ,Boyfriend
1907,2520,NF ,Lie
1908,5494,BLACKPINK ,Crazy Over You
1909,8810,Lil Pump ,ION
1910,6799,Twenty One Pilots ,Redecorate
1911,10423,Marian Hill ,Back To Me
1912,6099,Isaiah Rashad ,Wat U Sed
1913,5407,Marshmello ,You Can Cry
1914,10540,David Bowie ,Diamond Dogs  1999 Remastered Version
1915,6969,Lil Wayne ,Not Me
1916,10112,Chris Jedi ,Ahora Dice  Real Hasta La Muerte Remix
1917,7789,Chris Brown ,Iffy
1918,6822,BTS ,Born Singer
1919,7874,The Carters ,SUMMER
1920,1368,Bing Crosby ,Do You Hear What I Hear?
1921,3209,Billie Eilish ,bitches broken hearts
1922,4488,Harry Styles ,Woman
1923,1543,Nirvana ,Smells Like Teen Spirit
1924,4772,Lil Tecca ,Amigo
1925,283,ZAYN ,I Don’t Wanna Live Forever (Fifty Shades Darker)
1926,3294,21 Savage ,asmr
1927,3979,Harry Styles ,Fine Line
1928,5179,Lil Tjay ,Goin Up
1929,1620,Sage The Gemini ,Now and Later
1930,3223,Tory Lanez ,The Take
1931,7477,A Tribe Called Quest ,Melatonin
1932,846,Kehlani ,Nights Like This
1933,945,Future ,Wicked
1934,9668,Lil Baby ,Humble
1935,9527,The Lumineers ,Long Way From Home
1936,2316,The Weeknd ,All I Know
1937,7732,Lauv ,Love Somebody
1938,2021,Nicky Jam ,El Perdón
1939,605,J. Cole ,Work Out
1940,8233,A Boogie Wit da Hoodie ,I Did It
1941,9677,Vampire Weekend ,How Long?
1942,8065,Tory Lanez ,Why DON'T You LOVE me?
1943,1297,Meek Mill ,Sharing Locations
1944,839,The Jackson 5 ,Santa Claus Is Coming To Town
1945,3115,Florida Georgia Line ,Anything Goes
1946,7583,A$AP Rocky ,Rich Nigga Problems
1947,10801,Avicii ,Feeling Good
1948,657,Eminem ,Lose Yourself
1949,10348,R3HAB ,Killing Time
1950,7796,Chlöe ,Treat Me
1951,4118,Taylor Swift ,State Of Grace (Acoustic Version) (Taylor's Version)
1952,3076,Ty Dolla $ign ,Clout
1953,8554,Tom Petty ,While My Guitar Gently Weeps
1954,6489,Sam Smith ,The Lighthouse Keeper
1955,1576,Kendrick Lamar ,LUST.
1956,8397,MØ ,Drum
1957,4240,Ty Dolla $ign ,Love U Better
1958,2093,Ski Mask The Slump God ,Foot Fungus
1959,10096,Fiona Apple ,Rack of His
1960,2754,Nat King Cole ,The Christmas Song (Merry Christmas To You)  Remastered 1999
1961,1795,benny blanco ,"I Can’t Get Enough (benny blanco, Selena Gomez, J Balvin, Tainy)"
1962,8545,DaBaby ,SOCKS
1963,139,Steve Lacy ,Bad Habit
1964,4959,Pop Smoke ,Coupe
1965,5724,The Jackson 5 ,I Want You Back
1966,7537,Marshmello ,Too Much
1967,8243,Imagine Dragons ,Yesterday
1968,9104,Rusted Root ,Send Me On My Way
1969,10181,MAGIC! ,Rude  Zedd Remix
1970,8656,One Direction ,Little Things
1971,9624,Måneskin ,MAMMAMIA
1972,10287,PnB Rock ,Issues
1973,5944,Young Thug ,It's A Slime
1974,6277,Taylor Swift ,All Too Well (Sad Girl Autumn Version)  Recorded at Long Pond Studios
1975,10593,Grouplove ,Welcome To Your Life
1976,1217,Mabel ,Don't Call Me Up
1977,10931,Cold War Kids ,First
1978,4629,Lana Del Rey ,Mariners Apartment Complex
1979,3441,Taylor Swift ,Forever Winter (Taylor's Version) (From The Vault)
1980,2352,Travis Scott ,WHO? WHAT!
1981,545,Jawsh 685 ,Savage Love (Laxed  Sired Beat)
1982,2400,DJ Khaled ,Wish Wish
1983,5039,Juice WRLD ,Demonz
1984,8299,Don Toliver ,Wasted
1985,6172,ScHoolboy Q ,Lies
1986,7096,Ryan Gosling ,City Of Stars
1987,2637,Kris Kross Amsterdam ,Whenever
1988,6347,Lil Peep ,16 Lines
1989,2139,Machine Gun Kelly ,At My Best
1990,4016,Lil Uzi Vert ,Feelings Mutual
1991,6306,Jennifer Lopez ,Booty
1992,4658,Kanye West ,Life Of The Party
1993,10177,Jorja Smith ,Be Honest
1994,8245,Jonas Brothers ,S.O.S.
1995,764,YNW Melly ,Suicidal (Remix)
1996,6043,JAY,Z  Numb / Encore
1997,10579,ScHoolboy Q ,WHateva U Want
1998,2416,Rihanna ,Desperado
1999,9965,Gucci Mane ,Back On
2000,6215,Logic ,"The Adventures Of Stoney Bob (ft. Kajo, Slaydro, Big Lenbo)"
2001,7015,The 1975 ,Tonight (I Wish I Was Your Boy)
2002,3846,Gunna ,mop
2003,1224,The Vamps ,All Night
2004,9571,Vance Joy ,Call If You Need Me
2005,4134,JAY,Z  No Church In The Wild
2006,9662,Jessie J ,Burnin' Up
2007,383,DaBaby ,VIBEZ
2008,4406,J. Cole ,January 28th
2009,4744,Jeremih ,Tonight Belongs To U!
2010,3988,Tory Lanez ,Temperature Rising
2011,9145,ILLENIUM ,Wouldn’t Change A Thing
2012,8968,XXXTENTACION ,Off the Wall!
2013,20,XXXTENTACION ,Fuck Love
2014,7117,Fences ,Arrows
2015,5200,Trippie Redd ,Bird Shit
2016,8331,BTS ,A Brand New Day (BTS World Original Soundtrack) [Pt. 2]
2017,9359,SZA ,Awkward
2018,9244,Jack Harlow ,Same Guy
2019,4966,Lil Baby ,Still Runnin
2020,5087,Gunna ,idk that bitch
2021,4107,XXXTENTACION ,Pain = BESTFRIEND
2022,7344,Moxie Raia ,Buffalo Bill
2023,1284,Metallica ,Master Of Puppets
2024,9060,NAV ,Count on Me (Intro)
2025,537,Blueface ,Thotiana
2026,483,Jeremih ,oui
2027,4463,Miguel ,Coffee
2028,83,Post Malone ,White Iverson
2029,1290,ZAYN ,LIKE I WOULD
2030,4669,Christina Aguilera ,This Christmas
2031,7774,A Boogie Wit da Hoodie ,Last Time
2032,1708,Kanye West ,Ghost Town
2033,4000,Lilly Wood and The Prick ,Prayer In C (Robin Schulz Remix) [Radio Edit]
2034,6905,Jack Ü ,Mind
2035,10743,X Ambassadors ,Gorgeous
2036,2108,Drake ,Jorja Interlude
2037,1266,Avicii ,Lonely Together
2038,1211,Doja Cat ,Boss Bitch
2039,3221,BTS ,Yet To Come
2040,5890,Pop Smoke ,Brush Em
2041,1847,Jordan Davis ,Singles You Up
2042,4622,Luke Bryan ,Roller Coaster
2043,7017,Fall Out Boy ,HOLD ME TIGHT OR DON’T
2044,8028,JID ,Westbrook
2045,7805,Drake ,November 18th
2046,9330,blackbear ,bright pink tims
2047,6677,Future ,Real Love
2048,10060,Dean Lewis ,7 Minutes
2049,7472,Kacey Musgraves ,angel
2050,10720,Pusha T ,M.F.T.R.
2051,3015,Metro Boomin ,Walk Em Down (Don't Kill Civilians) [with 21 Savage & feat. Mustafa]
2052,2562,DJ Snake ,Turn Down for What
2053,6975,Bryson Tiller ,Next To You
2054,1460,King Princess ,1950
2055,8195,Snoop Dogg ,Drop It Like It's Hot
2056,4999,Rita Ora ,Poison
2057,1061,Clean Bandit ,Solo
2058,8132,Gorillaz ,We Got The Power
2059,113,Migos ,Bad and Boujee
2060,1573,MadeinTYO ,Ned Flanders
2061,7119,DMX ,Rudolph the Rednose Reindeer
2062,6081,The Lumineers ,Angela
2063,6730,Twenty One Pilots ,Polarize
2064,2268,Jaden ,Icon
2065,7562,Don Toliver ,Do It Right
2066,6892,Gunna ,Style Stealer (Lil Baby & Gunna)
2067,2924,J. Cole ,Intro
2068,6005,Dustin Lynch ,I'd Be Jealous Too
2069,3149,Lauv ,Chasing Fire
2070,6035,$uicideboy$ ,$uicideboy$ Were Better In 2015
2071,1203,Ugly God ,Water
2072,9101,Mac Miller ,Party On Fifth Ave.
2073,5465,Chase Rice ,Ready Set Roll
2074,10294,Life of Dillon ,Sex for Breakfast
2075,5062,Ed Sheeran ,Way To Break My Heart
2076,5041,Billie Eilish ,Not My Responsibility
2077,462,WILLOW ,Wait a Minute!
2078,3346,Rihanna ,Consideration
2079,7675,DRAM ,Gilligan
2080,7064,YG ,I Be On
2081,8423,Lana Del Rey ,Summertime Sadness [Lana Del Rey vs. Cedric Gervais]  Cedric Gervais Remix
2082,4441,BTS ,Filter
2083,10427,Dustin Lynch ,Hell Of A Night
2084,5680,Machine Gun Kelly ,jawbreaker
2085,9392,The Kid LAROI ,SAME THING
2086,9827,XXXTENTACION ,4Peat
2087,10795,Grace Potter ,Look What We've Become
2088,9714,Tory Lanez ,Melee
2089,4557,Pop Smoke ,Snitching
2090,6507,A Tribe Called Quest ,Solid Wall of Sound
2091,6286,Imagine Dragons ,Start Over
2092,393,Famous Dex ,JAPAN
2093,3843,Coldplay ,Higher Power
2094,1693,Roddy Ricch ,Peta
2095,6452,Belly ,Maintain
2096,8846,Trippie Redd ,Mood
2097,1947,NAV ,Never Sleep
2098,5824,Lil Wayne ,Dreams
2099,725,Timeflies ,Once In a While
2100,10229,G,Eazy  Some Kind Of Drug  Earwulf Remix
2101,2933,Megan Moroney ,Tennessee Orange
2102,6971,Trippie Redd ,All For Me
2103,5826,Playboi Carti ,Stop Breathing
2104,4384,Morgan Wallen ,Silverado For Sale
2105,6988,BTS ,Euphoria
2106,2705,Gunna ,thought i was playing
2107,5878,JIN ,The Astronaut
2108,3073,Juice WRLD ,Flaws And Sins
2109,10600,Maroon 5 ,One More Night
2110,2534,Drake ,Falling Back
2111,7793,$uicideboy$ ,Ugliest
2112,4123,R. City ,Make Up
2113,4040,Big Sean ,Voices In My Head/Stick To The Plan
2114,5734,Logic ,Young Jesus
2115,6029,Nicki Minaj ,Hard White
2116,4882,Camila Cabello ,psychofreak
2117,8388,Trippie Redd ,Bust Down Deux
2118,7031,Nicki Minaj ,Changed It
2119,1119,Logic ,44 More
2120,2073,Hugh Jackman ,The Greatest Show
2121,7681,Snoop Dogg ,Gin N Juice
2122,8453,Dierks Bentley ,Black
2123,1703,Taylor Swift ,I Forgot That You Existed
2124,5568,Childish Gambino ,Have Some Love
2125,10638,David Bowie ,The Next Day
2126,8533,NAV ,Coast To Coast
2127,7547,Lil Skies ,When I’m Wasted
2128,5367,Young Thug ,Rich Nigga Shit
2129,7617,The Beatles ,Help!  Remastered
2130,1100,Justin Bieber ,I'll Show You
2131,7110,Gucci Mane ,Both Eyes Closed
2132,8214,Zach Bryan ,Mine Again
2133,6164,Drake ,Draft Day
2134,6254,Nas ,White Label
2135,7224,Lennon Stella ,La Di Da
2136,3334,BlocBoy JB ,Rover 2.0
2137,1045,Florida Georgia Line ,Simple
2138,1901,Lil Baby ,Real As It Gets
2139,10860,Glass Animals ,Gooey
2140,1962,Kanye West ,All Day
2141,1279,King Von ,Took Her To The O
2142,130,Morgan Wallen ,Wasted On You
2143,547,G Herbo ,PTSD
2144,379,Lil Nas X ,Old Town Road
2145,5549,DaBaby ,NASTY
2146,241,Kodak Black ,Tunnel Vision
2147,7021,TOOL ,7empest
2148,1086,Taylor Swift ,Mastermind
2149,10802,Miguel ,Simple Things
2150,4254,Future ,Realer N Realer
2151,9778,Flume ,Friends
2152,1671,Bad Bunny ,Sensualidad
2153,135,Polo G ,Martin & Gina
2154,5420,Daryl Hall & John Oates ,Rich Girl
2155,6097,Brett Eldredge ,A Holly Jolly Christmas
2156,4277,Gunna ,Outstanding
2157,3791,Avicii ,For A Better Day
2158,2195,MEDUZA ,Paradise
2159,10728,BANNERS ,Shine A Light
2160,2724,Lorde ,Royals
2161,9346,Denzel Curry ,Troubles [Feat. TPain]
2162,9282,Meek Mill ,Stuck In My Ways
2163,10883,Pentatonix ,Santa Claus is Coming to Town
2164,10307,Soleima ,Low Life
2165,2686,Post Malone ,Im Gonna Be
2166,5035,Dreamville ,LamboTruck
2167,6829,Ariana Grande ,Thinking Bout You
2168,9819,Pop Smoke ,Invincible
2169,6554,Van Halen ,Jump  2015 Remaster
2170,4857,Future ,My Collection
2171,6406,G,Eazy  What If
2172,5351,Becky G ,Lovin' So Hard
2173,9683,Jawsh 685 ,Sweet & Sour
2174,1752,KIDS SEE GHOSTS ,Reborn
2175,7227,XXXTENTACION ,School Shooters
2176,4304,Twenty One Pilots ,Choker
2177,4321,Kanye West ,30 Hours
2178,8262,Ryan Adams ,Shake It Off
2179,1819,Britney Spears ,My Only Wish (This Year)
2180,2689,21 Savage ,Rap Saved Me
2181,4565,Ed Sheeran ,Put It All on Me
2182,2273,Bad Bunny ,Enséñame a Bailar
2183,8759,Halsey ,Alanis’ Interlude
2184,2773,Ariana Grande ,nasty
2185,989,Megan Thee Stallion ,Cry Baby
2186,3361,Taylor Swift ,Stay Stay Stay (Taylor's Version)
2187,4531,Meek Mill ,Monster
2188,9558,Halsey ,Whispers
2189,5883,Wiz Khalifa ,Letterman
2190,2821,Luke Bryan ,"Huntin', Fishin' And Lovin' Every Day"
2191,543,Ariana Grande ,breathin
2192,2702,The Backseat Lovers ,Kilby Girl
2193,2551,Drake ,Change Locations
2194,828,BTS ,Butter
2195,2652,Beyoncé ,Partition
2196,6572,Travis Scott ,Pray 4 Love
2197,10091,Soundgarden ,The Day I Tried To Live
2198,4478,The Chainsmokers ,Bloodstream
2199,8772,ScHoolboy Q ,Ride Out
2200,7905,Bo Burnham ,Unpaid Intern
2201,8483,Pusha T ,Coming Home
2202,4053,Eminem ,Yah Yah
2203,8581,Rod Wave ,Pills & Billz
2204,10752,MARINA ,Savages
2205,2033,NF ,Time
2206,8113,Trippie Redd ,Let It Out
2207,2697,Taylor Swift ,evermore
2208,5223,K/DA ,MORE
2209,9987,YoungBoy Never Broke Again ,Treat You Better
2210,4528,K CAMP ,1Hunnid
2211,9687,Anderson .Paak ,JEWELZ
2212,5697,Luke Combs ,Reasons
2213,8494,Prince ,The Song of the Heart
2214,2406,Labrinth ,I'm Tired
2215,4781,Kali Uchis ,fue mejor
2216,9475,Snoop Dogg ,California Roll
2217,9146,Wiz Khalifa ,Bootsy Bellows
2218,8757,XoMusic ,MERCEDES
2219,532,Ritt Momney ,Put Your Records On
2220,924,Taylor Swift ,...Ready For It?
2221,6384,G,Eazy  Don't Let Me Go
2222,4751,Juice WRLD ,Feel Alone
2223,3310,Nessa Barrett ,i hope ur miserable until ur dead
2224,9080,H.E.R. ,I Can't Breathe
2225,10409,Andrew McMahon in the Wilderness ,So Close
2226,3185,Adele ,To Be Loved
2227,7244,Future ,Bag
2228,9940,Slipknot ,Birth Of The Cruel
2229,5491,Mumford & Sons ,Tompkins Square Park
2230,5995,Sech ,Te Acuerdas
2231,7250,PARTYNEXTDOOR ,Only U
2232,7093,Young Thug ,Die Slow
2233,5088,Coi Leray ,Blick Blick
2234,8985,Eslabon Armado ,¿Donde Has Estado?
2235,7925,Palisades ,Happy
2236,1038,Kendrick Lamar ,Die Hard
2237,3405,Khalid ,Bad Luck
2238,2880,Kanye West ,Ok Ok
2239,5219,Taylor Swift ,Untouchable (Taylor’s Version)
2240,108,Mustard ,Ballin'
2241,4580,A Boogie Wit da Hoodie ,Stain
2242,1871,Mr. Probz ,Waves  Robin Schulz Radio Edit
2243,10017,NAV ,What I Need / Daheala Outro
2244,2807,Tiësto ,Wasted
2245,7882,Gucci Mane ,Both Sides
2246,5116,21 Savage ,Darth Vader
2247,5448,Chris Brown ,This Christmas
2248,2826,Takeoff ,Casper
2249,4186,Kehlani ,CRZY
2250,6077,Quavo ,GIVE IT TO EM
2251,9201,Ludacris ,S.O.T.L. (Silence of the Lambs)
2252,1905,Muni Long ,Hrs and Hrs
2253,1502,Justin Bieber ,The Feeling
2254,2502,Metro Boomin ,On Time
2255,1714,Lil Wayne ,Let It Fly
2256,744,A Boogie Wit da Hoodie ,Startender
2257,4607,A$AP Rocky ,D.M.B.
2258,8496,PnB Rock ,Fendi
2259,8079,Dylan Scott ,Nobody
2260,10846,Earl Sweatshirt ,Mantra
2261,2555,K CAMP ,Comfortable
2262,7865,Cole Swindell ,Middle of a Memory
2263,10445,Hozier ,Better Love
2264,5006,Justin Bieber ,Take It Out On Me
2265,1077,Miley Cyrus ,Prisoner
2266,5997,Nicki Minaj ,Pills N Potions
2267,5643,YoungBoy Never Broke Again ,Diamond Teeth Samurai
2268,8977,Why Don't We ,Feliz Navidad  Recorded at Spotify Studios NYC
2269,3578,Andy Williams ,Sleigh Ride
2270,833,Kodak Black ,Calling My Spirit
2271,346,Post Malone ,I Like You (A Happier Song)
2272,7074,Future ,Outer Space Bih
2273,2338,Taylor Swift ,I Think He Knows
2274,4173,King Von ,The Code
2275,9952,Farruko ,El Incomprendido
2276,4445,Kanye West ,Low Lights
2277,4250,DaBaby ,XXL
2278,1012,Drake ,Right Hand
2279,4424,Lorde ,Yellow Flicker Beat
2280,5342,Calvin Harris ,By Your Side
2281,6882,Imagine Dragons ,Polaroid
2282,9432,DaBaby ,Gucci Peacoat
2283,1822,Drake ,9
2284,1480,Comethazine ,Walk
2285,7517,BROCKHAMPTON ,I BEEN BORN AGAIN
2286,298,Olivia Rodrigo ,favorite crime
2287,9485,Swae Lee ,Sextasy
2288,7948,Future ,Mink Flow
2289,5559,Chance the Rapper ,Big Fish
2290,201,Dan + Shay ,Tequila
2291,8252,Summer Walker ,Let It Go
2292,9971,Machine Gun Kelly ,Glass House
2293,713,The Rare Occasions ,Notion
2294,859,Taylor Swift ,exile
2295,9657,Meat Loaf ,Two Out of Three Ain't Bad
2296,10604,Terror Jr ,3 Strikes
2297,3798,Gucci Mane ,P**** Print
2298,5948,Wizkid ,Essence
2299,4171,Queen ,Killer Queen  Remastered 2011
2300,7170,Playboi Carti ,Not PLaying
2301,6107,Lauv ,Invisible Things
2302,9308,Rod Wave ,The Greatest
2303,9166,PARTYNEXTDOOR ,LOYAL
2304,4257,Eminem ,Gnat
2305,4970,Big Sean ,Same Time Pt. 1
2306,9904,Rush ,Tom Sawyer
2307,10833,Brenda Lee ,Rocking Around The Christmas Tree
2308,10029,Sech ,La Luz
2309,569,Bad Bunny ,Después de la Playa
2310,6195,Lil Yachty ,SELF MADE
2311,2475,Billie Eilish ,Bored
2312,82,Sheck Wes ,Mo Bamba
2313,8730,Anderson .Paak ,Jet Black
2314,1895,Billie Eilish ,come out and play
2315,8827,YoungBoy Never Broke Again ,Sincerely
2316,2944,Eminem ,Lose Yourself  Soundtrack Version
2317,940,Shawn Mendes ,I Know What You Did Last Summer
2318,7466,Tame Impala ,One More Hour
2319,5763,DJ Khaled ,KEEP GOING
2320,7197,Melanie Martinez ,Drama Club
2321,5769,Eminem ,Framed
2322,8665,Hayley Kiyoko ,What I Need
2323,6118,Bon Iver ,666 ʇ
2324,4792,Frank Ocean ,Solo
2325,5692,Taylor Swift ,The Other Side Of The Door (Taylor’s Version)
2326,2567,carolesdaughter ,Violent
2327,3367,Quavo ,LOSE IT
2328,7334,Mac Miller ,Friends
2329,8247,2 Chainz ,Threat 2 Society
2330,5321,Young Thug ,Stressed
2331,4677,Jack Harlow ,Movie Star
2332,3137,Desiigner ,Outlet
2333,3960,A$AP Rocky ,A$AP Forever REMIX
2334,614,Bailey Zimmerman ,Rock and A Hard Place
2335,242,Surfaces ,Sunday Best
2336,1735,benny blanco ,Graduation
2337,5373,The Carters ,BOSS
2338,6588,La La Land Cast ,Another Day Of Sun
2339,6801,Linkin Park ,Papercut
2340,6568,Trippie Redd ,I Try
2341,7281,Logic ,Obediently Yours
2342,9874,Jay Electronica ,Flux Capacitor
2343,7067,NewJeans ,Attention
2344,1118,Post Malone ,On The Road
2345,8728,Bazzi ,Crazy
2346,4815,Pusha T ,Come Back Baby
2347,8516,Kelsea Ballerini ,homecoming queen?
2348,8381,Don Toliver ,Can't Feel My Legs
2349,7059,Tori Kelly ,Let It Snow
2350,6425,Cordae ,Super
2351,9102,The Killers ,The Man
2352,363,Ski Mask The Slump God ,Faucet Failure
2353,226,Pop Smoke ,What You Know Bout Love
2354,9016,YoungBoy Never Broke Again ,Hold Your Own
2355,10329,Echosmith ,Goodbye
2356,5208,Nat King Cole ,The Happiest Christmas Tree  2009 Digital Remaster
2357,9931,The J. Geils Band ,Centerfold
2358,1782,Drake ,Massive
2359,7404,Juice WRLD ,Hurt Me
2360,1254,Post Malone ,Takin' Shots
2361,6580,Jessie Murph ,Pray
2362,8164,Tory Lanez ,Skrt Skrt
2363,8355,ILLENIUM ,First Time
2364,6692,Afrojack ,SummerThing!
2365,6389,Cash Cash ,Finest Hour
2366,4745,Trippie Redd ,Forever Ever
2367,10274,Bhad Bhabie ,Hi Bich
2368,8078,The Beatles ,I Want To Hold Your Hand  Remastered 2015
2369,6262,Unknown Artist ,Unknown Title
2370,9918,MAX ,The Other Side
2371,8222,Big Sean ,Everything That's Missing
2372,3659,Kygo ,Kids in Love
2373,10840,Jack Ü ,To Ü
2374,2104,Lauv ,Mean It
2375,2299,"Tyler, The Creator ",ARE WE STILL FRIENDS?
2376,7833,Bryson Tiller ,Money Problems / Benz Truck
2377,5027,Future ,Million Dollar Play
2378,1649,Sebastian Yatra ,Dos Oruguitas
2379,866,Surf Mesa ,ily
2380,7353,blackbear ,alone in a room full of people
2381,9099,NAV ,Last of the Mohicans
2382,3900,Chance the Rapper ,65th & Ingleside
2383,8961,Young Thug ,Future Swag
2384,2294,City Girls ,Pussy Talk
2385,5690,Jonas Brothers ,Strangers
2386,6371,A$AP Ferg ,Value
2387,5755,Taylor Swift ,Superstar (Taylor’s Version)
2388,3272,Lil Wayne ,Problems
2389,10356,BTS ,Outro: Her
2390,9491,Ella Mai ,Not Another Love Song
2391,7385,Future ,Servin Killa Kam
2392,3000,Kanye West ,Real Friends
2393,5860,A$AP Rocky ,JD
2394,8051,Lady Gaga ,Sinner's Prayer
2395,4569,Post Malone ,Euthanasia
2396,10654,Andy Williams ,The Christmas Song (Chestnuts Roasting On an Open Fire)
2397,2656,G,Eazy  Sober
2398,1315,Brent Faiyaz ,Dead Man Walking
2399,4449,Ty Dolla $ign ,Or Nah
2400,8755,Young Thug ,Yea Yea Yea
2401,6909,Meek Mill ,Wins & Losses
2402,7256,Trippie Redd ,Captain Crunch
2403,5773,BTS ,Magic Shop
2404,3038,Juice WRLD ,Real Shit
2405,6272,Seeb ,Drink About
2406,4681,Chance the Rapper ,Eternal
2407,7698,Conan Gray ,Wish You Were Sober
2408,3380,Bebe Rexha ,I'm Gonna Show You Crazy
2409,4529,Meek Mill ,Pullin Up
2410,9297,Solkatt ,Aegean
2411,10195,Machine Gun Kelly ,Go For Broke
2412,9252,Summer Walker ,Tonight
2413,5988,Megan Thee Stallion ,Ungrateful
2414,4623,JID ,Dance Now
2415,2865,Post Malone ,Wrapped Around Your Finger
2416,4689,Ski Mask The Slump God ,Burn The Hoods
2417,7913,DJ Khaled ,I Can't Even Lie
2418,10894,Katy Perry ,Unconditionally
2419,9625,Mac Miller ,Missed Calls
2420,4281,Lorde ,Mood Ring
2421,295,Hailee Steinfeld ,Starving
2422,10379,Train ,"Hey, Soul Sister"
2423,2201,Adele ,Rolling in the Deep
2424,2748,Tones And I ,Never Seen the Rain
2425,585,Gunna ,DOLLAZ ON MY HEAD
2426,3562,Mustard ,Want Her
2427,9572,YoungBoy Never Broke Again ,Free Dem 5's
2428,5158,Trippie Redd ,Fire Starter
2429,2178,Lil Durk ,AHHH HA
2430,202,Bryson Tiller ,Exchange
2431,6335,Logic ,5 Hooks
2432,1389,ILOVEMAKONNEN ,Tuesday
2433,4943,Bo Burnham ,That Funny Feeling
2434,1316,Rod Wave ,By Your Side
2435,10741,Simple Minds ,Don't You (Forget About Me)  Remastered
2436,9231,Lil Baby ,If You Want To
2437,3181,Shawn Mendes ,Like To Be You feat. Julia Michaels
2438,5832,London On Da Track ,No Flag
2439,10325,Coldplay ,A L I E N S
2440,4439,Luke Combs ,What You See Is What You Get
2441,4169,Kat Dahlia ,I Think I'm In Love
2442,4593,Mike WiLL Made,It  What That Speed Bout!?
2443,407,NLE Choppa ,Camelot
2444,9511,YoungBoy Never Broke Again ,Seeming Like It
2445,8608,Kygo ,Gone Are The Days
2446,9637,Chelsea Cutler ,Lucky
2447,4587,Metro Boomin ,Up To Something
2448,1518,Sam Hunt ,Take Your Time
2449,9178,ZAYN ,There You Are
2450,8321,WATTS ,Feels
2451,3490,"Tyler, The Creator ",RUNITUP
2452,7104,Summer Walker ,Dat Right There
2453,4783,John Mayer ,Shot in the Dark
2454,6283,Bad Bunny ,RONCA FREESTYLE
2455,1258,Juice WRLD ,Bad Boy
2456,10780,Incubus ,Wish You Were Here
2457,85,Lil Nas X ,MONTERO (Call Me By Your Name)
2458,3942,Disturbed ,The Sound Of Silence
2459,7253,Taylor Swift ,September  Recorded at The Tracking Room Nashville
2460,447,Eminem ,'Till I Collapse
2461,4820,Shawn Mendes ,Something Big
2462,4495,Sam Hunt ,Ex To See
2463,7226,Lil Baby ,Catch The Sun
2464,2738,Anitta ,Envolver
2465,7907,Vince Staples ,LAW OF AVERAGES
2466,9691,André Aires ,Wish U Well
2467,7806,Otis Redding ,(Sittin' On) the Dock of the Bay
2468,8852,AJR ,100 Bad Days
2469,7912,Childish Gambino ,32.22
2470,1055,Imagine Dragons ,Bones
2471,434,Michael Bublé ,Holly Jolly Christmas
2472,8080,Smokepurpp ,Do Not Disturb
2473,4306,Kehlani ,All Me
2474,2106,Lil Yachty ,Peek A Boo
2475,2777,XXXTENTACION ,Save Me
2476,7711,Dua Lipa ,Boys Will Be Boys
2477,6438,Future ,Blow a Bag
2478,7600,Future ,HATE THE REAL ME
2479,4159,Meghan Trainor ,No Good For You
2480,6088,YoungBoy Never Broke Again ,I Am Who They Say I Am
2481,3548,Bring Me The Horizon ,Can You Feel My Heart
2482,9321,A Boogie Wit da Hoodie ,Making You Cry
2483,8565,G,Eazy  Nothing to Me
2484,10663,The 1975 ,Nana
2485,284,Drake ,Toosie Slide
2486,2300,Troye Sivan ,My My My!
2487,3570,"Tyler, The Creator ",SIR BAUDELAIRE
2488,4060,Florida Georgia Line ,Sun Daze
2489,2045,NLE Choppa ,Shotta Flow 5
2490,9636,2 Chainz ,Pop Music
2491,10002,J Balvin ,Arcoíris
2492,3821,BANKS ,Beggin For Thread
2493,7856,Lovejoy ,The Fall
2494,1632,French Montana ,No Shopping
2495,2005,Ariana Grande ,motive
2496,9870,Joji ,I'LL SEE YOU IN 40
2497,4876,Jonas Brothers ,Used To Be
2498,10026,Gryffin ,I Want Love
2499,10799,Rihanna ,Don't Stop The Music
